{"EntryId":{"$t":"sK4PvbcjIw8jIw8-gt-8990-2018-09-10T21:16:10.293Z::tf.xml"},"Name":{"$t":"Taskflow2"},"MimeType":{"$t":"application\/xml+taskflow"},"Description":{},"AppliesTo":{},"Tags":{},"VersionLabel":{"$t":"1.0"},"State":{"$t":"CURRENT"},"ProcessGroup":{},"CreatedBy":{"$t":"vnath@informatica.com"},"CreationDate":{"$t":"2018-09-10T21:16:10Z"},"ModifiedBy":{},"PublicationStatus":{"$t":"unpublished"},"AutosaveExists":{"$t":"false"},"Entry":{"taskflow":{"displayName":"Taskflow2","name":"Taskflow2","xmlns":"http:\/\/schemas.active-endpoints.com\/appmodules\/screenflow\/2010\/10\/avosScreenflow.xsd","xmlns$aetgt":"http:\/\/schemas.active-endpoints.com\/appmodules\/repository\/2010\/10\/avrepository.xsd","xmlns$list":"urn:activevos:spi:list:functions","appliesTo":{},"description":{},"tags":{},"generator":{"$t":"Informatica Process Designer 9"},"input":{"parameter":[{"description":"","name":"Data Task 2","type":"reference","options":{"option":[{"name":"isCopy"},{"name":"referenceTo","$t":"$po:MappingTask2"}]}},{"description":"","name":"Data Task 3","type":"reference","options":{"option":[{"name":"isCopy"},{"name":"referenceTo","$t":"$po:MappingTask1"}]}},{"description":"","name":"Data Task 1","type":"reference","options":{"option":[{"name":"isCopy"},{"name":"referenceTo","$t":"$po:Order-processing-demo"}]}},{"description":"","name":"Data Task 4","type":"reference","options":{"option":[{"name":"isCopy"},{"name":"referenceTo","$t":"$po:Opp-to-Netsuite"}]}}]},"notes":{},"deployment":{"suspendOnFault":"true","tracingLevel":"verbose","rest":{}},"flow":{"id":"a","start":{"id":"b","link":{"id":"jd57g9ok","targetId":"jd57g9oj"}},"container":[{"id":"jd57g9oj","type":"parallel","title":{"$t":"Parallel Paths 1"},"flow":[{"id":"jd57g9on","eventContainer":{"id":"jd57g9p1","service":{"id":"jd57g9p2","title":{"$t":"Data Task 1"},"serviceName":{"$t":"ICSExecuteDataTask"},"serviceInput":{"parameter":[{"name":"Wait for Task to Complete","source":"constant","updatable":"true","$t":"true"},{"name":"Max Wait","source":"constant","updatable":"true","$t":"86400"},{"name":"Task Name","source":"constant","updatable":"true","$t":"Order_processing_demo"},{"name":"GUID","source":"constant","updatable":"true","$t":"6T61zfcPwkcek1P9N6ZIux"},{"name":"Task Type","source":"constant","updatable":"true","$t":"MCT"},{"name":"Has Inout Parameters","source":"constant","updatable":"true","$t":"false"},{"name":"taskField","source":"nested","operation":{"source":"field","to":"Order-processing-demo","$t":"input.Data Task 1"}}]},"serviceOutput":{"operation":[{"source":"field","to":"input.Data Task 1\/output","$t":"Success Source Rows"},{"source":"field","to":"input.Data Task 1\/output\/Object_Name","$t":"Object Name"},{"source":"field","to":"input.Data Task 1\/output\/Run_Id","$t":"Run Id"},{"source":"field","to":"input.Data Task 1\/output\/Log_Id","$t":"Log Id"},{"source":"field","to":"input.Data Task 1\/output\/Task_Status","$t":"Task Status"},{"source":"field","to":"input.Data Task 1\/output\/Success_Source_Rows","$t":"Success Source Rows"},{"source":"field","to":"input.Data Task 1\/output\/Failed_Source_Rows","$t":"Failed Source Rows"},{"source":"field","to":"input.Data Task 1\/output\/Success_Target_Rows","$t":"Success Target Rows"},{"source":"field","to":"input.Data Task 1\/output\/Failed_Target_Rows","$t":"Failed Target Rows"},{"source":"field","to":"input.Data Task 1\/output\/Start_Time","$t":"Start Time"},{"source":"field","to":"input.Data Task 1\/output\/End_Time","$t":"End Time"},{"source":"field","to":"input.Data Task 1\/output\/Error_Message","$t":"Error Message"}]}},"events":{"catch":[{"faultField":"input.Data Task 1\/fault","id":"jb5odvso","interrupting":"true","name":"error","suspend":{}},{"faultField":"input.Data Task 1\/fault","id":"jb5odvsp","interrupting":"true","name":"warning"}]}},"link":{"id":"jd57g9oo","targetId":"jd57g9oj","type":"containerLink"}},{"id":"jd57g9oq","eventContainer":{"id":"jd57g9rs","service":{"id":"jd57g9pg","title":{"$t":"Data Task 4"},"serviceName":{"$t":"ICSExecuteDataTask"},"serviceInput":{"parameter":[{"name":"Wait for Task to Complete","source":"constant","updatable":"true","$t":"true"},{"name":"Max Wait","source":"constant","updatable":"true","$t":"86400"},{"name":"Task Name","source":"constant","updatable":"true","$t":"Opp_to_Netsuite"},{"name":"GUID","source":"constant","updatable":"true","$t":"1UMp3GcJKYYfzKUtIroEcv"},{"name":"Task Type","source":"constant","updatable":"true","$t":"SAAS_DSS"},{"name":"Has Inout Parameters","source":"constant","updatable":"true","$t":"false"},{"name":"taskField","source":"nested","operation":{"source":"field","to":"Opp-to-Netsuite","$t":"input.Data Task 4"}}]},"serviceOutput":{"operation":[{"source":"field","to":"input.Data Task 4\/output","$t":"Success Source Rows"},{"source":"field","to":"input.Data Task 4\/output\/Object_Name","$t":"Object Name"},{"source":"field","to":"input.Data Task 4\/output\/Run_Id","$t":"Run Id"},{"source":"field","to":"input.Data Task 4\/output\/Log_Id","$t":"Log Id"},{"source":"field","to":"input.Data Task 4\/output\/Task_Status","$t":"Task Status"},{"source":"field","to":"input.Data Task 4\/output\/Success_Source_Rows","$t":"Success Source Rows"},{"source":"field","to":"input.Data Task 4\/output\/Failed_Source_Rows","$t":"Failed Source Rows"},{"source":"field","to":"input.Data Task 4\/output\/Success_Target_Rows","$t":"Success Target Rows"},{"source":"field","to":"input.Data Task 4\/output\/Failed_Target_Rows","$t":"Failed Target Rows"},{"source":"field","to":"input.Data Task 4\/output\/Start_Time","$t":"Start Time"},{"source":"field","to":"input.Data Task 4\/output\/End_Time","$t":"End Time"},{"source":"field","to":"input.Data Task 4\/output\/Error_Message","$t":"Error Message"}]}},"events":{"catch":[{"faultField":"input.Data Task 4\/fault","id":"jd57g9rq","interrupting":"true","name":"error","suspend":{}},{"faultField":"input.Data Task 4\/fault","id":"jd57g9rr","interrupting":"true","name":"warning"}]}},"link":{"id":"jd57g9or","targetId":"jd57g9oj","type":"containerLink"}}],"link":[{"id":"jd57g9om","targetId":"jd57g9on","type":"containerLink"},{"id":"jd57g9p0","targetId":"jd57g9nj"},{"id":"jd57g9op","targetId":"jd57g9oq","type":"containerLink"}]},{"id":"jd57g9nj","type":"exclusive","title":{"$t":"Decision 1"},"flow":[{"id":"jd57g9nn","eventContainer":{"id":"jd57g9re","service":{"id":"jd57g9nz","title":{"$t":"Data Task 2"},"serviceName":{"$t":"ICSExecuteDataTask"},"serviceInput":{"parameter":[{"name":"Wait for Task to Complete","source":"constant","updatable":"true","$t":"true"},{"name":"Max Wait","source":"constant","updatable":"true","$t":"86400"},{"name":"Task Name","source":"constant","updatable":"true","$t":"MappingTask2"},{"name":"GUID","source":"constant","updatable":"true","$t":"7V1CGqnMUe2i6uazyVVkma"},{"name":"Task Type","source":"constant","updatable":"true","$t":"MCT"},{"name":"Has Inout Parameters","source":"constant","updatable":"true","$t":"false"},{"name":"taskField","source":"nested","operation":{"source":"field","to":"MappingTask2","$t":"input.Data Task 2"}}]},"serviceOutput":{"operation":[{"source":"field","to":"input.Data Task 2\/output","$t":"Success Source Rows"},{"source":"field","to":"input.Data Task 2\/output\/Object_Name","$t":"Object Name"},{"source":"field","to":"input.Data Task 2\/output\/Run_Id","$t":"Run Id"},{"source":"field","to":"input.Data Task 2\/output\/Log_Id","$t":"Log Id"},{"source":"field","to":"input.Data Task 2\/output\/Task_Status","$t":"Task Status"},{"source":"field","to":"input.Data Task 2\/output\/Success_Source_Rows","$t":"Success Source Rows"},{"source":"field","to":"input.Data Task 2\/output\/Failed_Source_Rows","$t":"Failed Source Rows"},{"source":"field","to":"input.Data Task 2\/output\/Success_Target_Rows","$t":"Success Target Rows"},{"source":"field","to":"input.Data Task 2\/output\/Failed_Target_Rows","$t":"Failed Target Rows"},{"source":"field","to":"input.Data Task 2\/output\/Start_Time","$t":"Start Time"},{"source":"field","to":"input.Data Task 2\/output\/End_Time","$t":"End Time"},{"source":"field","to":"input.Data Task 2\/output\/Error_Message","$t":"Error Message"}]}},"events":{"catch":[{"faultField":"input.Data Task 2\/fault","id":"jd57g9rc","interrupting":"true","name":"error","suspend":{}},{"faultField":"input.Data Task 2\/fault","id":"jd57g9rd","interrupting":"true","name":"warning"}]}},"link":{"id":"jd57g9no","targetId":"jd57g9nj","type":"containerLink"}},{"id":"jd57g9nq","eventContainer":{"id":"jd57g9r2","service":{"id":"jd57g9o9","title":{"$t":"Data Task 3"},"serviceName":{"$t":"ICSExecuteDataTask"},"serviceInput":{"parameter":[{"name":"Wait for Task to Complete","source":"constant","updatable":"true","$t":"true"},{"name":"Max Wait","source":"constant","updatable":"true","$t":"86400"},{"name":"Task Name","source":"constant","updatable":"true","$t":"MappingTask1"},{"name":"GUID","source":"constant","updatable":"true","$t":"3s39jcLyYEDj9ibXm2z26l"},{"name":"Task Type","source":"constant","updatable":"true","$t":"MCT"},{"name":"Has Inout Parameters","source":"constant","updatable":"true","$t":"false"},{"name":"taskField","source":"nested","operation":{"source":"field","to":"MappingTask1","$t":"input.Data Task 3"}}]},"serviceOutput":{"operation":[{"source":"field","to":"input.Data Task 3\/output","$t":"Success Source Rows"},{"source":"field","to":"input.Data Task 3\/output\/Object_Name","$t":"Object Name"},{"source":"field","to":"input.Data Task 3\/output\/Run_Id","$t":"Run Id"},{"source":"field","to":"input.Data Task 3\/output\/Log_Id","$t":"Log Id"},{"source":"field","to":"input.Data Task 3\/output\/Task_Status","$t":"Task Status"},{"source":"field","to":"input.Data Task 3\/output\/Success_Source_Rows","$t":"Success Source Rows"},{"source":"field","to":"input.Data Task 3\/output\/Failed_Source_Rows","$t":"Failed Source Rows"},{"source":"field","to":"input.Data Task 3\/output\/Success_Target_Rows","$t":"Success Target Rows"},{"source":"field","to":"input.Data Task 3\/output\/Failed_Target_Rows","$t":"Failed Target Rows"},{"source":"field","to":"input.Data Task 3\/output\/Start_Time","$t":"Start Time"},{"source":"field","to":"input.Data Task 3\/output\/End_Time","$t":"End Time"},{"source":"field","to":"input.Data Task 3\/output\/Error_Message","$t":"Error Message"}]}},"link":{"id":"jd57g9pw","targetId":"jd57g9pu"},"events":{"catch":[{"faultField":"input.Data Task 3\/fault","id":"jd57g9r0","interrupting":"true","name":"error","suspend":{}},{"faultField":"input.Data Task 3\/fault","id":"jd57g9r1","interrupting":"true","name":"warning"}]}},"jumpTo":{"id":"jd57g9pu","link":{"id":"jd57g9pv","targetId":"jd57g9oj"}}}],"link":[{"id":"jd57g9nm","targetId":"jd57g9nn","type":"containerLink","condition":{"source":"formula","function":{"name":"string-equals","arg":[{"name":"left","$t":"{$input.DataTask1[1]\/output[1]\/Task_Status}"},{"name":"right","$t":"0"}]}}},{"id":"jd57g9np","targetId":"jd57g9nq","type":"containerLink"},{"id":"jd57g9nl","targetId":"c"}]}],"end":{"id":"c"}},"dependencies":{"processObject":[{"displayName":"Order-processing-demo","isByCopy":"true","name":"Order-processing-demo","xmlns":"http:\/\/schemas.active-endpoints.com\/appmodules\/screenflow\/2011\/06\/avosHostEnvironment.xsd","description":{},"tags":{},"detail":{"field":[{"label":"Output Parameters","name":"output","type":"reference"},{"label":"Fault","name":"fault","type":"reference"}]}},{"displayName":"Opp-to-Netsuite","isByCopy":"true","name":"Opp-to-Netsuite","xmlns":"http:\/\/schemas.active-endpoints.com\/appmodules\/screenflow\/2011\/06\/avosHostEnvironment.xsd","description":{},"tags":{},"detail":{"field":[{"label":"Output Parameters","name":"output","type":"reference"},{"label":"Fault","name":"fault","type":"reference"}]}},{"displayName":"MappingTask2","isByCopy":"true","name":"MappingTask2","xmlns":"http:\/\/schemas.active-endpoints.com\/appmodules\/screenflow\/2011\/06\/avosHostEnvironment.xsd","description":{},"tags":{},"detail":{"field":[{"label":"Output Parameters","name":"output","type":"reference"},{"label":"Fault","name":"fault","type":"reference"}]}},{"displayName":"MappingTask1","isByCopy":"true","name":"MappingTask1","xmlns":"http:\/\/schemas.active-endpoints.com\/appmodules\/screenflow\/2011\/06\/avosHostEnvironment.xsd","description":{},"tags":{},"detail":{"field":[{"label":"Output Parameters","name":"output","type":"reference"},{"label":"Fault","name":"fault","type":"reference"}]}}]}}},"GUID":{"$t":"lzTYVa9ePI0bEqNyzNHyKe"},"DisplayName":{"$t":"Taskflow2"}}