[{"@type":"mappingTemplate","id":"@1","name":"m_Salesforce_Lead_Fix","description":"","bundleVersion":"0","templateId":"@3","deployTime":1520278721000,"hasParameters":true,"valid":true,"fixedConnection":false,"hasParametersDeployed":true,"fixedConnectionDeployed":false,"tasks":0,"mappingPreviewFileRecordId":"@2","references":[{"@type":"reference","refObjectId":"@9EF0PZ3RfNdh8njvDj9SUS","refType":"customFunc"},{"@type":"reference","refObjectId":"@2WKWfBccogXbWFz9Sg04Wk","refType":"customFunc"},{"@type":"reference","refObjectId":"@6Y9fG8ayxXFdyZECnOTCSX","refType":"customFunc"},{"@type":"reference","refObjectId":"@4HqhNc86QqjbQzy16LKDgi","refType":"customFunc"},{"@type":"reference","refObjectId":"@7TL9IsvWUqecYVi4DAqgsQ","refType":"customFunc"},{"@type":"reference","refObjectId":"@4BlaL97tS2OltCgqcqhDy1","refType":"customFunc"},{"@type":"reference","refObjectId":"@aDSJm8xzYRsesqYmNmBZ2N","refType":"customFunc"},{"@type":"reference","refObjectId":"@6eaJ8lqVtyRhflVWQ4FV0r","refType":"customFunc"},{"@type":"reference","refObjectId":"@lU9JAa6xhO7bwYQCkU0Ais","refType":"customFunc"},{"@type":"reference","refObjectId":"@14G6wMxYCMCfnVe51q5Zup","refType":"customFunc"},{"@type":"reference","refObjectId":"@5X04Bjn9hXAiwAa1F9vyO9","refType":"customFunc"},{"@type":"reference","refObjectId":"@aT4no4G1rRylUJXmfqLt6T","refType":"customFunc"},{"@type":"reference","refObjectId":"@8TSU7uDxzoneOd3nG9cuyo","refType":"customFunc"},{"@type":"reference","refObjectId":"@7oMoTyGc0kablc0qtaaTez","refType":"customFunc"},{"@type":"reference","refObjectId":"@5LvXpOoPQuxgOELnLK1Yca","refType":"customFunc"},{"@type":"reference","refObjectId":"@3kXHCNkXusIfhz2K3TqbAK","refType":"customFunc"},{"@type":"reference","refObjectId":"@01Awpbn8w3qj8LFOF9Ne8G","refType":"customFunc"},{"@type":"reference","refObjectId":"@5MT5mR6VzKRiu8ySTh8v2v","refType":"customFunc"}]}]