{"name":"exporttest122","sourceOrgId":"4EQ3i4PTj3OiarGZViiJwT","sourceOrgName":"DEMORegUser","exportedObjects":[{"@type":"ContainerInfo","objectGuid":"7cCn5thwWFLhiZoSosphKL","objectName":"REG","objectType":"Space","modelVersion":{"major":1,"minor":0},"urlInfo":{"parentInfo":[],"parentRefs":[]},"repoInfo":{"repoHandle":null},"objectRefs":[],"contextAttributes":null,"additionalInfo":null,"objectExistence":"REFERENCE_ONLY"},{"@type":"AssetInfo","objectGuid":"3VHDV6fV4QEcvCDoziqlcd","objectName":"Mapping Param_copy","objectType":"MAPPING","modelVersion":{"major":0,"minor":0},"urlInfo":{"parentInfo":[{"parentGuid":"7cCn5thwWFLhiZoSosphKL","parentName":"REG","parentType":"Space"},{"parentGuid":"93MFHFNryWplyaoN8mo8mS","parentName":"Default","parentType":"Project"}],"parentRefs":["7cCn5thwWFLhiZoSosphKL","93MFHFNryWplyaoN8mo8mS"]},"repoInfo":{"repoHandle":"01025L17000000000005"},"objectRefs":[],"contextAttributes":[{"name":"id","value":"@1"}],"additionalInfo":{"description":"","contentType":"JSON","documentState":"VALID"},"objectExistence":"WITH_DEPENDENCIES"},{"@type":"ContainerInfo","objectGuid":"93MFHFNryWplyaoN8mo8mS","objectName":"Default","objectType":"Project","modelVersion":{"major":0,"minor":0},"urlInfo":{"parentInfo":[{"parentGuid":"7cCn5thwWFLhiZoSosphKL","parentName":"REG","parentType":"Space"}],"parentRefs":["7cCn5thwWFLhiZoSosphKL"]},"repoInfo":null,"objectRefs":[],"contextAttributes":[{"name":"IS_DEF_LOC","value":"true"}],"additionalInfo":{"description":"Auto-generated Default Project","contentType":null,"documentState":"COMPLETE"},"objectExistence":"WITHOUT_DEPENDENCIES"}]}