{"name":"job-1515695580367","sourceOrgId":"4X30G4SOGgnbk5cnqNnYsO","sourceOrgName":"unicosolution","exportedObjects":[{"@type":"ContainerInfo","objectGuid":"7cCn5thwWFLhiZoSosphKL","objectName":"REG","objectType":"Space","modelVersion":{"major":1,"minor":0},"urlInfo":{"parentInfo":[],"parentRefs":[]},"repoInfo":{"repoHandle":null},"objectRefs":[],"contextAttributes":null,"additionalInfo":null,"objectExistence":"REFERENCE_ONLY"},{"@type":"AssetInfo","objectGuid":"afrUtNv4smNjMuSmO365el","objectName":"Mapping_inner_join","objectType":"MAPPING","modelVersion":{"major":0,"minor":0},"urlInfo":{"parentInfo":[{"parentGuid":"7cCn5thwWFLhiZoSosphKL","parentName":"REG","parentType":"Space"},{"parentGuid":"47uFbCvYwUKkVYec6lOpIF","parentName":"Default","parentType":"Project"}],"parentRefs":["7cCn5thwWFLhiZoSosphKL","47uFbCvYwUKkVYec6lOpIF"]},"repoInfo":{"repoHandle":"01024O17000000000004"},"objectRefs":[],"contextAttributes":[{"name":"id","value":"@1"}],"additionalInfo":{"description":"Joins data from two sources using an inner join and loads it to an existing target.","contentType":"JSON","documentState":"VALID"},"objectExistence":"WITH_DEPENDENCIES"},{"@type":"ContainerInfo","objectGuid":"47uFbCvYwUKkVYec6lOpIF","objectName":"Default","objectType":"Project","modelVersion":{"major":0,"minor":0},"urlInfo":{"parentInfo":[{"parentGuid":"7cCn5thwWFLhiZoSosphKL","parentName":"REG","parentType":"Space"}],"parentRefs":["7cCn5thwWFLhiZoSosphKL"]},"repoInfo":null,"objectRefs":[],"contextAttributes":[{"name":"IS_DEF_LOC","value":"true"}],"additionalInfo":{"description":"Auto-generated Default Project","contentType":null,"documentState":"COMPLETE"},"objectExistence":"WITHOUT_DEPENDENCIES"}]}