{
  "name" : "tag==demo and type==Dtemplate",
  "sourceOrgId" : "1pCq1nTJMi9eMNpjqNtdUr",
  "sourceOrgName" : "unico",
  "exportedObjects" : [ {
    "objectGuid" : "4Cea5mX1s8Tc7Aj9BU4rU6",
    "objectName" : "sample",
    "objectType" : "Project",
    "path" : "/Explore",
    "metadata" : {
      "modelVersion" : {
        "major" : 0,
        "minor" : 0
      },
      "repoInfo" : null,
      "objectRefs" : [ ],
      "contextAttributes" : [ ],
      "additionalInfo" : {
        "description" : "",
        "contentType" : "Binary",
        "documentState" : "COMPLETE"
      }
    }
  }, {
    "objectGuid" : "2Yjw0mOqh7ek5TnQqSux8T",
    "objectName" : "dell7FF",
    "objectType" : "Connection",
    "path" : "/SYS",
    "metadata" : {
      "modelVersion" : {
        "major" : 0,
        "minor" : 0
      },
      "repoInfo" : {
        "repoHandle" : "01000D0B000000000004"
      },
      "objectRefs" : [ "1hqcSZA5j5BdcTzebJrM4o" ],
      "contextAttributes" : [ {
        "name" : "id",
        "value" : "@1"
      } ],
      "additionalInfo" : {
        "description" : null,
        "contentType" : "JSON",
        "documentState" : "COMPLETE"
      }
    }
  }, {
    "objectGuid" : "fXrHc4htr4bklJEGdIB2eC",
    "objectName" : "FF2FF stest",
    "objectType" : "DTEMPLATE",
    "path" : "/Explore/sample",
    "metadata" : {
      "modelVersion" : {
        "major" : 0,
        "minor" : 0
      },
      "repoInfo" : {
        "repoHandle" : "01000D1700000000000A"
      },
      "objectRefs" : [ "2Yjw0mOqh7ek5TnQqSux8T" ],
      "contextAttributes" : [ {
        "name" : "id",
        "value" : "@1"
      } ],
      "additionalInfo" : {
        "description" : "",
        "contentType" : null,
        "documentState" : "VALID"
      }
    }
  }, {
    "objectGuid" : "1hqcSZA5j5BdcTzebJrM4o",
    "objectName" : "DESKTOP-VE8JQLE",
    "objectType" : "AgentGroup",
    "path" : "/SYS",
    "metadata" : {
      "modelVersion" : {
        "major" : 0,
        "minor" : 0
      },
      "repoInfo" : {
        "repoHandle" : "01000D25000000000003"
      },
      "objectRefs" : [ ],
      "contextAttributes" : [ {
        "name" : "id",
        "value" : "@1"
      } ],
      "additionalInfo" : {
        "description" : null,
        "contentType" : "JSON",
        "documentState" : "VALID"
      }
    }
  } ]
}