[{"@type":"customFunc","id":"@1","name":"afr_Get_FieldID","description":"Mapplet returns the FieldID for the input FieldName and the current date for tTmeID","mappletName":"afr_Get_FieldID","active":false,"mappletXmlFile":"afr_Get_FieldID.xml","category":"POWERCENTER_MAPPLET","inputs":[{"@type":"field","id":791831,"name":"In_FieldName_Group","type":"string","uniqueName":"In_FieldName_Group","label":"In_FieldName_Group","parentObject":"afr_Get_FieldID","precision":25,"scale":0,"columnIndex":-1,"isKey":false,"isExternalId":false,"isSfIdLookup":false,"isNullable":true,"isUnique":false,"isCreateable":false,"isUpdateable":true,"isFilterable":true,"isCalculated":false,"showLabel":true,"naturalOrder":0,"linkedFields":[],"relatedInfos":[],"references":[]},{"@type":"field","id":791832,"name":"In_EntityID_Group","type":"integer","uniqueName":"In_EntityID_Group","label":"In_EntityID_Group","parentObject":"afr_Get_FieldID","precision":10,"scale":0,"columnIndex":-1,"isKey":false,"isExternalId":false,"isSfIdLookup":false,"isNullable":true,"isUnique":false,"isCreateable":false,"isUpdateable":true,"isFilterable":true,"isCalculated":false,"showLabel":true,"naturalOrder":0,"linkedFields":[],"relatedInfos":[],"references":[]}],"outputs":[{"@type":"field","id":791833,"name":"Out_FieldID_FieldID","type":"integer","uniqueName":"Out_FieldID_FieldID","label":"Out_FieldID_FieldID","parentObject":"afr_Get_FieldID","precision":10,"scale":0,"columnIndex":-1,"isKey":false,"isExternalId":false,"isSfIdLookup":false,"isNullable":true,"isUnique":false,"isCreateable":false,"isUpdateable":true,"isFilterable":true,"isCalculated":false,"showLabel":true,"naturalOrder":0,"linkedFields":[],"relatedInfos":[],"references":[]},{"@type":"field","id":791834,"name":"Out_TimeID_FieldID","type":"integer","uniqueName":"Out_TimeID_FieldID","label":"Out_TimeID_FieldID","parentObject":"afr_Get_FieldID","precision":10,"scale":0,"columnIndex":-1,"isKey":false,"isExternalId":false,"isSfIdLookup":false,"isNullable":true,"isUnique":false,"isCreateable":false,"isUpdateable":true,"isFilterable":true,"isCalculated":false,"showLabel":true,"naturalOrder":0,"linkedFields":[],"relatedInfos":[],"references":[]},{"@type":"field","id":791835,"name":"Out_TimeStamp_FieldID","type":"date/time","uniqueName":"Out_TimeStamp_FieldID","label":"Out_TimeStamp_FieldID","parentObject":"afr_Get_FieldID","precision":29,"scale":9,"columnIndex":-1,"isKey":false,"isExternalId":false,"isSfIdLookup":false,"isNullable":true,"isUnique":false,"isCreateable":false,"isUpdateable":true,"isFilterable":true,"isCalculated":false,"showLabel":true,"naturalOrder":0,"linkedFields":[],"relatedInfos":[],"references":[]}],"connections":[]}]