[{"@type":"mtTask","id":"@1","name":"Order_processing_demo","description":"","runtimeEnvironmentId":"@iYoPAawmT0UePw7Cp2Cbic","maxLogs":10,"verbose":false,"mappingId":"@jkCbn0Z3iwIbLssWOydwom","shortDescription":"","sessionProperties":{},"enableCrossSchemaPushdown":false,"parameterFileEncoding":"UTF-8","parameters":[{"@type":"mtTaskParameter","id":6981375,"name":"$Hub_orders$","type":"EXTENDED_SOURCE","label":"NewParameter","description":"","uiProperties":{"connectionParameterized":"true","logcnx":"NewParameter","isMsrcFilterParameterized":"false","isMsrcSortParameterized":"false","objlabel":"NewParameter1","objectParameterized":"true","objDesc":""},"sourceConnectionId":"@cbtaF6gtE0UkiqE6FIz7Ig","newFlatFile":false,"newObject":false,"showBusinessNames":true,"naturalOrder":true,"truncateTarget":false,"bulkApiDBTarget":false,"customFuncCfg":{"@type":"customFuncConfig","id":-1,"connections":[],"inputMap":[],"outputFields":[]},"tgtFieldRefs":{},"targetUpdateColumns":[],"extendedObject":{"@type":"extendedObject","object":{"@type":"mObject","name":"Account.csv","label":"Account.csv","metadataUpdated":false,"relations":[],"children":[]},"filters":[],"sortFields":[]},"runtimeAttrs":{},"isRESTModernSource":true,"isFileList":false,"handleSpecialChars":false,"fetchMode":"ORIGINAL","tgtObjectAttributes":{},"overriddenFields":[]},{"@type":"mtTaskParameter","id":6981376,"name":"$Tgt_Canda_orders$","type":"TARGET","label":"Tgt_Canda_orders","uiProperties":{"connectionParameterized":"false","objectParameterized":"false","visible":"false","defaultTargetUpdateColumns":""},"targetConnectionId":"@6xJItWQSzMKewFytv3sqA8","targetObject":"orders_ca","targetObjectLabel":"orders_ca","newFlatFile":false,"newObject":false,"showBusinessNames":false,"naturalOrder":true,"truncateTarget":false,"bulkApiDBTarget":false,"operationType":"Insert","customFuncCfg":{"@type":"customFuncConfig","id":-1,"connections":[],"inputMap":[],"outputFields":[]},"tgtFieldRefs":{},"targetUpdateColumns":[],"extendedObject":{"@type":"extendedObject","filters":[],"sortFields":[]},"runtimeAttrs":{},"isRESTModernSource":true,"isFileList":false,"handleSpecialChars":false,"fetchMode":"ORIGINAL","tgtObjectAttributes":{},"overriddenFields":[]},{"@type":"mtTaskParameter","id":6981377,"name":"$Tgt_US_orders$","type":"TARGET","label":"Tgt_US_orders","uiProperties":{"connectionParameterized":"false","objectParameterized":"false","visible":"false","defaultTargetUpdateColumns":""},"targetConnectionId":"@6xJItWQSzMKewFytv3sqA8","targetObject":"orders_us","targetObjectLabel":"orders_us","newFlatFile":false,"newObject":false,"showBusinessNames":false,"naturalOrder":true,"truncateTarget":false,"bulkApiDBTarget":false,"operationType":"Insert","customFuncCfg":{"@type":"customFuncConfig","id":-1,"connections":[],"inputMap":[],"outputFields":[]},"tgtFieldRefs":{},"targetUpdateColumns":[],"extendedObject":{"@type":"extendedObject","filters":[],"sortFields":[]},"runtimeAttrs":{},"isRESTModernSource":true,"isFileList":false,"handleSpecialChars":false,"fetchMode":"ORIGINAL","tgtObjectAttributes":{},"overriddenFields":[]},{"@type":"mtTaskParameter","id":6981378,"name":"$lkup_products$","type":"LOOKUP","label":"lkup_products","uiProperties":{"connectionParameterized":"false","isCachedLookup":"true","objectParameterized":"false","visible":"false"},"lookupConnectionId":"@6xJItWQSzMKewFytv3sqA8","lookupObject":"products_demo","lookupObjectLabel":"products_demo","newFlatFile":false,"newObject":false,"showBusinessNames":false,"naturalOrder":true,"truncateTarget":false,"bulkApiDBTarget":false,"customFuncCfg":{"@type":"customFuncConfig","id":-1,"connections":[],"inputMap":[],"outputFields":[]},"tgtFieldRefs":{},"targetUpdateColumns":[],"runtimeAttrs":{},"isRESTModernSource":true,"isFileList":false,"handleSpecialChars":false,"fetchMode":"ORIGINAL","tgtObjectAttributes":{},"overriddenFields":[]}],"sequences":[],"inOutParameters":[]}]