[{"@type":"connection","id":"@1","name":"Redshift_connection","runtimeEnvironmentId":"@iYoPAawmT0UePw7Cp2Cbic","instanceName":"AmazonRedshift","type":"TOOLKIT","port":0,"majorUpdateTime":"2018-09-10T17:16:05.000Z","timeout":60,"connParams":{"Cluster Node Type":"ds1.xlarge","Number of Nodes in the Cluster":null,"agentId":null,"Number of bytes needed to support multibytes for varchar":"1","agentGroupId":"001U3R25000000000003","Schema":"public","Jdbc URL":"jdbc:redshift://infa-rs-qa-cluster.ca8dsxvs46sw.us-west-2.redshift.amazonaws.com:5439/rsqa","AWS Secret Access Key":"********","orgId":"001U3R","mode":"CREATE","Customer Master Key ID":null,"AWS Access Key ID":"********","Username":"infaqars","Master Symmetric Key":"********","Password":"********"}}]