{
  "name" : "exportjob",
  "sourceOrgId" : "8w4beu1ZuirczLpeaPfN6m",
  "sourceOrgName" : "Informatica",
  "exportedObjects" : [ {
    "objectGuid" : "1jRFUnjQosOiZkzGpt8gOm",
    "objectName" : "Default",
    "objectType" : "Project",
    "path" : "/Explore",
    "metadata" : {
      "modelVersion" : {
        "major" : 0,
        "minor" : 0
      },
      "repoInfo" : null,
      "objectRefs" : [ ],
      "contextAttributes" : [ {
        "name" : "IS_DEF_LOC",
        "value" : "true"
      } ],
      "additionalInfo" : {
        "description" : "Auto-generated Default Project",
        "contentType" : null,
        "documentState" : "COMPLETE"
      },
      "objectExistence" : "WITHOUT_DEPENDENCIES"
    }
  }, {
    "objectGuid" : "7eonXIC5nwTggym7DZuYQ5",
    "objectName" : "Process Make",
    "objectType" : "PROCESS",
    "path" : "/Explore/Default/Tutorial 1",
    "metadata" : {
      "modelVersion" : {
        "major" : 1,
        "minor" : 0
      },
      "repoInfo" : {
        "repoHandle" : "Chs9pNz6HKoJBUh-gt-558-2018-04-11T21:05:12.459Z::pd.xml"
      },
      "objectRefs" : [ ],
      "contextAttributes" : null,
      "additionalInfo" : {
        "description" : "Process to count the number of models for a make.",
        "contentType" : "Binary",
        "documentState" : "VALID"
      },
      "objectExistence" : "WITH_DEPENDENCIES"
    }
  }, {
    "objectGuid" : "4KLR3PLGKSacaBGKsIXjGc",
    "objectName" : "Tutorial 1",
    "objectType" : "Folder",
    "path" : "/Explore/Default",
    "metadata" : {
      "modelVersion" : {
        "major" : 0,
        "minor" : 0
      },
      "repoInfo" : null,
      "objectRefs" : [ ],
      "contextAttributes" : [ ],
      "additionalInfo" : {
        "description" : "Contains Assets created in Tutorial 1",
        "contentType" : "Binary",
        "documentState" : "COMPLETE"
      },
      "objectExistence" : "WITHOUT_DEPENDENCIES"
    }
  } ]
}