[{"@type":"mtTask","id":"@1","name":"m_mplt_filter","description":"","runtimeEnvironmentId":"@8c9Mq5EvU6fhmGictdw3gk","maxLogs":10,"verbose":false,"lastRunTime":1522977673000,"mappingId":"@9an6bfumNYNdXYFrBAjvAp","shortDescription":"","sessionProperties":{},"enableCrossSchemaPushdown":false,"parameterFileEncoding":"UTF-8","parameters":[{"@type":"mtTaskParameter","id":168221,"name":"$NewSource$","type":"EXTENDED_SOURCE","label":"NewSource","uiProperties":{"connectionParameterized":"false","isMsrcFilterParameterized":"false","isMsrcSortParameterized":"false","objectParameterized":"false","visible":"false"},"sourceConnectionId":"@gH8cC4GqzAUh7nrAqFz8mA","newFlatFile":false,"newObject":false,"showBusinessNames":false,"naturalOrder":true,"truncateTarget":false,"bulkApiDBTarget":false,"customFuncCfg":{"@type":"customFuncConfig","id":-1,"connections":[],"inputMap":[],"outputFields":[]},"tgtFieldRefs":{},"targetUpdateColumns":[],"extendedObject":{"@type":"extendedObject","object":{"@type":"mObject","name":"alldatatypes_src__c","label":"alldatatypes_src__c","metadataUpdated":false,"relations":[],"children":[]},"filters":[],"sortFields":[]},"runtimeAttrs":{},"isRESTModernSource":true,"isFileList":false,"handleSpecialChars":false,"fetchMode":"ORIGINAL","tgtObjectAttributes":{},"overriddenFields":[]},{"@type":"mtTaskParameter","id":168222,"name":"$NewTarget$","type":"TARGET","label":"NewTarget","uiProperties":{"connectionParameterized":"false","objectParameterized":"false","visible":"false","defaultTargetUpdateColumns":""},"targetConnectionId":"@2Nz8PUZaiAGkyzv7xR47oK","targetObject":"m_mplt_filter.out","targetObjectLabel":"m_mplt_filter.out","newFlatFile":false,"newObject":true,"showBusinessNames":false,"naturalOrder":true,"newObjectName":"m_mplt_filter.out","truncateTarget":false,"bulkApiDBTarget":false,"operationType":"Insert","tgtFFAttrs":{"@type":"flatFileAttrs","id":113542,"delimiter":",","textQualifier":"\"","escapeChar":"","headerLineNo":1},"customFuncCfg":{"@type":"customFuncConfig","id":-1,"connections":[],"inputMap":[],"outputFields":[]},"tgtFieldRefs":{},"targetUpdateColumns":[],"extendedObject":{"@type":"extendedObject","filters":[],"sortFields":[]},"runtimeAttrs":{},"isRESTModernSource":true,"isFileList":false,"handleSpecialChars":false,"fetchMode":"ORIGINAL","tgtObjectAttributes":{},"overriddenFields":[]},{"@type":"mtTaskParameter","id":168223,"name":"$NewMapplet$","type":"MAPPLET","label":"mplt_filter","uiProperties":{"mpltConnParams":"","visible":"false"},"newFlatFile":false,"newObject":false,"showBusinessNames":true,"naturalOrder":true,"truncateTarget":false,"bulkApiDBTarget":false,"customFuncCfg":{"@type":"customFuncConfig","id":882,"connections":[],"inputMap":[],"outputFields":[],"customFuncId":"@6yxk1eRWoTMbfXm52zzREW"},"tgtFieldRefs":{},"targetUpdateColumns":[],"runtimeAttrs":{},"isRESTModernSource":true,"isFileList":false,"handleSpecialChars":false,"fetchMode":"ORIGINAL","tgtObjectAttributes":{},"overriddenFields":[]}],"sequences":[],"inOutParameters":[]}]