{"EntryId":{"$t":"uKymbduaa-gt-540-2018-04-11T21:05:12.325Z::svc.xml"},"Name":{"$t":"Edmunds-1"},"MimeType":{"$t":"application\/xml+businesssconnector"},"Description":{"$t":"Invoke actions from the Edmunds Vehicle API service"},"AppliesTo":{},"Tags":{},"VersionLabel":{"$t":"1.0"},"State":{"$t":"CURRENT"},"ProcessGroup":{},"CreatedBy":{"$t":"vnath@informatica.com"},"CreationDate":{"$t":"2018-04-11T21:05:12Z"},"ModifiedBy":{},"PublicationStatus":{"$t":"unpublished"},"AutosaveExists":{"$t":"false"},"Entry":{"businessConnector":{"agentOnly":"false","debug":"false","displayName":"Edmunds","label":"","name":"Edmunds-1","uuid":"b60152dc-7144-44d9-9e32-032fc474c930","xmlns":"http:\/\/schemas.informatica.com\/socrates\/data-services\/2014\/05\/business-connector-model.xsd","xmlns$aetgt":"http:\/\/schemas.active-endpoints.com\/appmodules\/repository\/2010\/10\/avrepository.xsd","description":{"$t":"Invoke actions from the Edmunds Vehicle API service"},"tags":{},"connectionAttributes":{"xmlns":"http:\/\/schemas.informatica.com\/appmodules\/screenflow\/2014\/04\/avosConnectors.xsd","connectionAttribute":{"description":"Edmunds API key","masked":"false","name":"api_key","required":"false","testWith":"279dxm5nz6ws4gdaeh96r5ga","type":"string"}},"actions":{"action":{"category":"Edmunds","failOnError":"true","forSearch":"false","label":"getCarMakes","maxRedirects":"100","name":"getCarMakes","preemptiveAuth":"true","responseEncoding":"","description":{"$t":"Gets the make of vehicles from the Edmunds Vehicle API."},"input":{"parameter":{"description":"Any year from 1990 to the present year","label":"Year","name":"Year","required":"true","testWith":"2017","type":"string"}},"binding":{"restSimpleBinding":{"multiUsing":"semicolonSeparated","url":"https:\/\/api.edmunds.com\/api\/vehicle\/v2\/makes","verb":"GET","authentication":{"username":{"$t":"sonia.staging1"},"password":{},"isExpressionInPassword":{"$t":"false"}},"otherParams":{"otherParam":[{"name":"fmt","$t":"json"},{"name":"api_key","$t":"{$api_key}"}]}}},"output":{"field":{"description":"Edmunds Vehicle API output in XML","name":"MakesResult","type":"reference","xmlElement":".","options":{"option":{"name":"referenceTo","$t":"root"}}}}}},"objects":{"processObject":[{"isByCopy":"true","name":"root","xmlns":"http:\/\/schemas.active-endpoints.com\/appmodules\/screenflow\/2011\/06\/avosHostEnvironment.xsd","description":{"$t":"An automatically generated process object"},"detail":{"field":[{"name":"makesCount","type":"int"},{"name":"makes","type":"objectlist","options":{"option":[{"name":"referenceTo","$t":"makes"},{"name":"relationshipName","$t":"Child"}]}}]}},{"isByCopy":"true","name":"makes","xmlns":"http:\/\/schemas.active-endpoints.com\/appmodules\/screenflow\/2011\/06\/avosHostEnvironment.xsd","description":{"$t":"An automatically generated process object"},"detail":{"field":[{"name":"models","type":"objectlist","options":{"option":[{"name":"referenceTo","$t":"models"},{"name":"relationshipName","$t":"Child"}]}},{"name":"name","type":"string"},{"name":"id","type":"int"},{"name":"niceName","type":"string"}]}},{"isByCopy":"true","name":"models","xmlns":"http:\/\/schemas.active-endpoints.com\/appmodules\/screenflow\/2011\/06\/avosHostEnvironment.xsd","description":{"$t":"An automatically generated process object"},"detail":{"field":[{"name":"name","type":"string"},{"name":"id","type":"string"},{"name":"niceName","type":"string"},{"name":"years","type":"reference","options":{"option":[{"name":"referenceTo","$t":"years"},{"name":"relationshipName","$t":"Child"}]}}]}},{"isByCopy":"true","name":"years","xmlns":"http:\/\/schemas.active-endpoints.com\/appmodules\/screenflow\/2011\/06\/avosHostEnvironment.xsd","description":{"$t":"An automatically generated process object"},"detail":{"field":[{"name":"year","type":"int"},{"name":"id","type":"int"}]}}]}}},"GUID":{"$t":"6SkhhmCe6p2drTjQ2dUyQZ"},"DisplayName":{"$t":"Edmunds"}}