[{"@type":"mappingTemplate","id":"@1","name":"tvmysql2ff","description":"","bundleVersion":"0","templateId":"@3","deployTime":1569257924000,"hasParameters":false,"valid":true,"fixedConnection":true,"hasParametersDeployed":false,"fixedConnectionDeployed":true,"tasks":0,"mappingPreviewFileRecordId":"@2","documentType":"","references":[{"@type":"reference","refObjectId":"@2IJUYdMw57LbM1vy1KTnS0","refType":"connection"},{"@type":"reference","refObjectId":"@3v8BL9ah5YIdzHUZNaK16h","refType":"connection"}]}]