[{"@type":"customFunc","id":"@1","name":"afr_Filter_Data_By_Country","description":"Filters input data based on country name","mappletName":"afr_Filter_Data_By_Country","active":true,"mappletXmlFile":"afr_Filter_Data_By_Country.xml","category":"POWERCENTER_MAPPLET","inputs":[{"@type":"field","id":791666,"name":"Id_Group","type":"string","uniqueName":"Id_Group","label":"Id_Group","parentObject":"afr_Filter_Data_By_Country","precision":50,"scale":0,"columnIndex":-1,"isKey":false,"isExternalId":false,"isSfIdLookup":false,"isNullable":true,"isUnique":false,"isCreateable":false,"isUpdateable":true,"isFilterable":true,"isCalculated":false,"showLabel":true,"naturalOrder":0,"linkedFields":[],"relatedInfos":[],"references":[]},{"@type":"field","id":791667,"name":"Status_Group","type":"string","uniqueName":"Status_Group","label":"Status_Group","parentObject":"afr_Filter_Data_By_Country","precision":50,"scale":0,"columnIndex":-1,"isKey":false,"isExternalId":false,"isSfIdLookup":false,"isNullable":true,"isUnique":false,"isCreateable":false,"isUpdateable":true,"isFilterable":true,"isCalculated":false,"showLabel":true,"naturalOrder":0,"linkedFields":[],"relatedInfos":[],"references":[]},{"@type":"field","id":791668,"name":"LastActivityDate_Group","type":"string","uniqueName":"LastActivityDate_Group","label":"LastActivityDate_Group","parentObject":"afr_Filter_Data_By_Country","precision":35,"scale":0,"columnIndex":-1,"isKey":false,"isExternalId":false,"isSfIdLookup":false,"isNullable":true,"isUnique":false,"isCreateable":false,"isUpdateable":true,"isFilterable":true,"isCalculated":false,"showLabel":true,"naturalOrder":0,"linkedFields":[],"relatedInfos":[],"references":[]},{"@type":"field","id":791669,"name":"LastReferencedDate_Group","type":"string","uniqueName":"LastReferencedDate_Group","label":"LastReferencedDate_Group","parentObject":"afr_Filter_Data_By_Country","precision":35,"scale":0,"columnIndex":-1,"isKey":false,"isExternalId":false,"isSfIdLookup":false,"isNullable":true,"isUnique":false,"isCreateable":false,"isUpdateable":true,"isFilterable":true,"isCalculated":false,"showLabel":true,"naturalOrder":0,"linkedFields":[],"relatedInfos":[],"references":[]},{"@type":"field","id":791670,"name":"LastViewedDate_Group","type":"string","uniqueName":"LastViewedDate_Group","label":"LastViewedDate_Group","parentObject":"afr_Filter_Data_By_Country","precision":35,"scale":0,"columnIndex":-1,"isKey":false,"isExternalId":false,"isSfIdLookup":false,"isNullable":true,"isUnique":false,"isCreateable":false,"isUpdateable":true,"isFilterable":true,"isCalculated":false,"showLabel":true,"naturalOrder":0,"linkedFields":[],"relatedInfos":[],"references":[]},{"@type":"field","id":791671,"name":"LeadSource_Group","type":"string","uniqueName":"LeadSource_Group","label":"LeadSource_Group","parentObject":"afr_Filter_Data_By_Country","precision":50,"scale":0,"columnIndex":-1,"isKey":false,"isExternalId":false,"isSfIdLookup":false,"isNullable":true,"isUnique":false,"isCreateable":false,"isUpdateable":true,"isFilterable":true,"isCalculated":false,"showLabel":true,"naturalOrder":0,"linkedFields":[],"relatedInfos":[],"references":[]},{"@type":"field","id":791672,"name":"MasterRecordId_Group","type":"string","uniqueName":"MasterRecordId_Group","label":"MasterRecordId_Group","parentObject":"afr_Filter_Data_By_Country","precision":50,"scale":0,"columnIndex":-1,"isKey":false,"isExternalId":false,"isSfIdLookup":false,"isNullable":true,"isUnique":false,"isCreateable":false,"isUpdateable":true,"isFilterable":true,"isCalculated":false,"showLabel":true,"naturalOrder":0,"linkedFields":[],"relatedInfos":[],"references":[]},{"@type":"field","id":791673,"name":"OwnerId_Group","type":"string","uniqueName":"OwnerId_Group","label":"OwnerId_Group","parentObject":"afr_Filter_Data_By_Country","precision":50,"scale":0,"columnIndex":-1,"isKey":false,"isExternalId":false,"isSfIdLookup":false,"isNullable":true,"isUnique":false,"isCreateable":false,"isUpdateable":true,"isFilterable":true,"isCalculated":false,"showLabel":true,"naturalOrder":0,"linkedFields":[],"relatedInfos":[],"references":[]},{"@type":"field","id":791674,"name":"PartnerAccountId_Group","type":"string","uniqueName":"PartnerAccountId_Group","label":"PartnerAccountId_Group","parentObject":"afr_Filter_Data_By_Country","precision":50,"scale":0,"columnIndex":-1,"isKey":false,"isExternalId":false,"isSfIdLookup":false,"isNullable":true,"isUnique":false,"isCreateable":false,"isUpdateable":true,"isFilterable":true,"isCalculated":false,"showLabel":true,"naturalOrder":0,"linkedFields":[],"relatedInfos":[],"references":[]},{"@type":"field","id":791675,"name":"RecordTypeId_Group","type":"string","uniqueName":"RecordTypeId_Group","label":"RecordTypeId_Group","parentObject":"afr_Filter_Data_By_Country","precision":50,"scale":0,"columnIndex":-1,"isKey":false,"isExternalId":false,"isSfIdLookup":false,"isNullable":true,"isUnique":false,"isCreateable":false,"isUpdateable":true,"isFilterable":true,"isCalculated":false,"showLabel":true,"naturalOrder":0,"linkedFields":[],"relatedInfos":[],"references":[]},{"@type":"field","id":791676,"name":"Rating_Group","type":"string","uniqueName":"Rating_Group","label":"Rating_Group","parentObject":"afr_Filter_Data_By_Country","precision":50,"scale":0,"columnIndex":-1,"isKey":false,"isExternalId":false,"isSfIdLookup":false,"isNullable":true,"isUnique":false,"isCreateable":false,"isUpdateable":true,"isFilterable":true,"isCalculated":false,"showLabel":true,"naturalOrder":0,"linkedFields":[],"relatedInfos":[],"references":[]},{"@type":"field","id":791677,"name":"Name_Group","type":"string","uniqueName":"Name_Group","label":"Name_Group","parentObject":"afr_Filter_Data_By_Country","precision":175,"scale":0,"columnIndex":-1,"isKey":false,"isExternalId":false,"isSfIdLookup":false,"isNullable":true,"isUnique":false,"isCreateable":false,"isUpdateable":true,"isFilterable":true,"isCalculated":false,"showLabel":true,"naturalOrder":0,"linkedFields":[],"relatedInfos":[],"references":[]},{"@type":"field","id":791678,"name":"AssistantName_Group","type":"string","uniqueName":"AssistantName_Group","label":"AssistantName_Group","parentObject":"afr_Filter_Data_By_Country","precision":175,"scale":0,"columnIndex":-1,"isKey":false,"isExternalId":false,"isSfIdLookup":false,"isNullable":true,"isUnique":false,"isCreateable":false,"isUpdateable":true,"isFilterable":true,"isCalculated":false,"showLabel":true,"naturalOrder":0,"linkedFields":[],"relatedInfos":[],"references":[]},{"@type":"field","id":791679,"name":"FirstName_Group","type":"string","uniqueName":"FirstName_Group","label":"FirstName_Group","parentObject":"afr_Filter_Data_By_Country","precision":50,"scale":0,"columnIndex":-1,"isKey":false,"isExternalId":false,"isSfIdLookup":false,"isNullable":true,"isUnique":false,"isCreateable":false,"isUpdateable":true,"isFilterable":true,"isCalculated":false,"showLabel":true,"naturalOrder":0,"linkedFields":[],"relatedInfos":[],"references":[]},{"@type":"field","id":791680,"name":"MiddleName_Group","type":"string","uniqueName":"MiddleName_Group","label":"MiddleName_Group","parentObject":"afr_Filter_Data_By_Country","precision":50,"scale":0,"columnIndex":-1,"isKey":false,"isExternalId":false,"isSfIdLookup":false,"isNullable":true,"isUnique":false,"isCreateable":false,"isUpdateable":true,"isFilterable":true,"isCalculated":false,"showLabel":true,"naturalOrder":0,"linkedFields":[],"relatedInfos":[],"references":[]},{"@type":"field","id":791681,"name":"LastName_Group","type":"string","uniqueName":"LastName_Group","label":"LastName_Group","parentObject":"afr_Filter_Data_By_Country","precision":60,"scale":0,"columnIndex":-1,"isKey":false,"isExternalId":false,"isSfIdLookup":false,"isNullable":true,"isUnique":false,"isCreateable":false,"isUpdateable":true,"isFilterable":true,"isCalculated":false,"showLabel":true,"naturalOrder":0,"linkedFields":[],"relatedInfos":[],"references":[]},{"@type":"field","id":791682,"name":"Suffix_Group","type":"string","uniqueName":"Suffix_Group","label":"Suffix_Group","parentObject":"afr_Filter_Data_By_Country","precision":60,"scale":0,"columnIndex":-1,"isKey":false,"isExternalId":false,"isSfIdLookup":false,"isNullable":true,"isUnique":false,"isCreateable":false,"isUpdateable":true,"isFilterable":true,"isCalculated":false,"showLabel":true,"naturalOrder":0,"linkedFields":[],"relatedInfos":[],"references":[]},{"@type":"field","id":791683,"name":"Title_Group","type":"string","uniqueName":"Title_Group","label":"Title_Group","parentObject":"afr_Filter_Data_By_Country","precision":120,"scale":0,"columnIndex":-1,"isKey":false,"isExternalId":false,"isSfIdLookup":false,"isNullable":true,"isUnique":false,"isCreateable":false,"isUpdateable":true,"isFilterable":true,"isCalculated":false,"showLabel":true,"naturalOrder":0,"linkedFields":[],"relatedInfos":[],"references":[]},{"@type":"field","id":791684,"name":"Salutation_Group","type":"string","uniqueName":"Salutation_Group","label":"Salutation_Group","parentObject":"afr_Filter_Data_By_Country","precision":150,"scale":0,"columnIndex":-1,"isKey":false,"isExternalId":false,"isSfIdLookup":false,"isNullable":true,"isUnique":false,"isCreateable":false,"isUpdateable":true,"isFilterable":true,"isCalculated":false,"showLabel":true,"naturalOrder":0,"linkedFields":[],"relatedInfos":[],"references":[]},{"@type":"field","id":791685,"name":"Company_Group","type":"string","uniqueName":"Company_Group","label":"Company_Group","parentObject":"afr_Filter_Data_By_Country","precision":200,"scale":0,"columnIndex":-1,"isKey":false,"isExternalId":false,"isSfIdLookup":false,"isNullable":true,"isUnique":false,"isCreateable":false,"isUpdateable":true,"isFilterable":true,"isCalculated":false,"showLabel":true,"naturalOrder":0,"linkedFields":[],"relatedInfos":[],"references":[]},{"@type":"field","id":791686,"name":"Division_Group","type":"string","uniqueName":"Division_Group","label":"Division_Group","parentObject":"afr_Filter_Data_By_Country","precision":100,"scale":0,"columnIndex":-1,"isKey":false,"isExternalId":false,"isSfIdLookup":false,"isNullable":true,"isUnique":false,"isCreateable":false,"isUpdateable":true,"isFilterable":true,"isCalculated":false,"showLabel":true,"naturalOrder":0,"linkedFields":[],"relatedInfos":[],"references":[]},{"@type":"field","id":791687,"name":"Industry_Group","type":"string","uniqueName":"Industry_Group","label":"Industry_Group","parentObject":"afr_Filter_Data_By_Country","precision":100,"scale":0,"columnIndex":-1,"isKey":false,"isExternalId":false,"isSfIdLookup":false,"isNullable":true,"isUnique":false,"isCreateable":false,"isUpdateable":true,"isFilterable":true,"isCalculated":false,"showLabel":true,"naturalOrder":0,"linkedFields":[],"relatedInfos":[],"references":[]},{"@type":"field","id":791688,"name":"AnnualRevenue_Group","type":"string","uniqueName":"AnnualRevenue_Group","label":"AnnualRevenue_Group","parentObject":"afr_Filter_Data_By_Country","precision":20,"scale":0,"columnIndex":-1,"isKey":false,"isExternalId":false,"isSfIdLookup":false,"isNullable":true,"isUnique":false,"isCreateable":false,"isUpdateable":true,"isFilterable":true,"isCalculated":false,"showLabel":true,"naturalOrder":0,"linkedFields":[],"relatedInfos":[],"references":[]},{"@type":"field","id":791689,"name":"CompanyDunsNumber_Group","type":"string","uniqueName":"CompanyDunsNumber_Group","label":"CompanyDunsNumber_Group","parentObject":"afr_Filter_Data_By_Country","precision":15,"scale":0,"columnIndex":-1,"isKey":false,"isExternalId":false,"isSfIdLookup":false,"isNullable":true,"isUnique":false,"isCreateable":false,"isUpdateable":true,"isFilterable":true,"isCalculated":false,"showLabel":true,"naturalOrder":0,"linkedFields":[],"relatedInfos":[],"references":[]},{"@type":"field","id":791690,"name":"NumberOfEmployees_Group","type":"integer","uniqueName":"NumberOfEmployees_Group","label":"NumberOfEmployees_Group","parentObject":"afr_Filter_Data_By_Country","precision":10,"scale":0,"columnIndex":-1,"isKey":false,"isExternalId":false,"isSfIdLookup":false,"isNullable":true,"isUnique":false,"isCreateable":false,"isUpdateable":true,"isFilterable":true,"isCalculated":false,"showLabel":true,"naturalOrder":0,"linkedFields":[],"relatedInfos":[],"references":[]},{"@type":"field","id":791691,"name":"CleanStatus_Group","type":"string","uniqueName":"CleanStatus_Group","label":"CleanStatus_Group","parentObject":"afr_Filter_Data_By_Country","precision":15,"scale":0,"columnIndex":-1,"isKey":false,"isExternalId":false,"isSfIdLookup":false,"isNullable":true,"isUnique":false,"isCreateable":false,"isUpdateable":true,"isFilterable":true,"isCalculated":false,"showLabel":true,"naturalOrder":0,"linkedFields":[],"relatedInfos":[],"references":[]},{"@type":"field","id":791692,"name":"ConnectionReceivedId_Group","type":"string","uniqueName":"ConnectionReceivedId_Group","label":"ConnectionReceivedId_Group","parentObject":"afr_Filter_Data_By_Country","precision":20,"scale":0,"columnIndex":-1,"isKey":false,"isExternalId":false,"isSfIdLookup":false,"isNullable":true,"isUnique":false,"isCreateable":false,"isUpdateable":true,"isFilterable":true,"isCalculated":false,"showLabel":true,"naturalOrder":0,"linkedFields":[],"relatedInfos":[],"references":[]},{"@type":"field","id":791693,"name":"ConnectionSentId_Group","type":"string","uniqueName":"ConnectionSentId_Group","label":"ConnectionSentId_Group","parentObject":"afr_Filter_Data_By_Country","precision":20,"scale":0,"columnIndex":-1,"isKey":false,"isExternalId":false,"isSfIdLookup":false,"isNullable":true,"isUnique":false,"isCreateable":false,"isUpdateable":true,"isFilterable":true,"isCalculated":false,"showLabel":true,"naturalOrder":0,"linkedFields":[],"relatedInfos":[],"references":[]},{"@type":"field","id":791694,"name":"ConvertedAccountId_Group","type":"string","uniqueName":"ConvertedAccountId_Group","label":"ConvertedAccountId_Group","parentObject":"afr_Filter_Data_By_Country","precision":20,"scale":0,"columnIndex":-1,"isKey":false,"isExternalId":false,"isSfIdLookup":false,"isNullable":true,"isUnique":false,"isCreateable":false,"isUpdateable":true,"isFilterable":true,"isCalculated":false,"showLabel":true,"naturalOrder":0,"linkedFields":[],"relatedInfos":[],"references":[]},{"@type":"field","id":791695,"name":"ConvertedContactId_Group","type":"string","uniqueName":"ConvertedContactId_Group","label":"ConvertedContactId_Group","parentObject":"afr_Filter_Data_By_Country","precision":20,"scale":0,"columnIndex":-1,"isKey":false,"isExternalId":false,"isSfIdLookup":false,"isNullable":true,"isUnique":false,"isCreateable":false,"isUpdateable":true,"isFilterable":true,"isCalculated":false,"showLabel":true,"naturalOrder":0,"linkedFields":[],"relatedInfos":[],"references":[]},{"@type":"field","id":791696,"name":"Street1_Group","type":"string","uniqueName":"Street1_Group","label":"Street1_Group","parentObject":"afr_Filter_Data_By_Country","precision":150,"scale":0,"columnIndex":-1,"isKey":false,"isExternalId":false,"isSfIdLookup":false,"isNullable":true,"isUnique":false,"isCreateable":false,"isUpdateable":true,"isFilterable":true,"isCalculated":false,"showLabel":true,"naturalOrder":0,"linkedFields":[],"relatedInfos":[],"references":[]},{"@type":"field","id":791697,"name":"City1_Group","type":"string","uniqueName":"City1_Group","label":"City1_Group","parentObject":"afr_Filter_Data_By_Country","precision":75,"scale":0,"columnIndex":-1,"isKey":false,"isExternalId":false,"isSfIdLookup":false,"isNullable":true,"isUnique":false,"isCreateable":false,"isUpdateable":true,"isFilterable":true,"isCalculated":false,"showLabel":true,"naturalOrder":0,"linkedFields":[],"relatedInfos":[],"references":[]},{"@type":"field","id":791698,"name":"State1_Group","type":"string","uniqueName":"State1_Group","label":"State1_Group","parentObject":"afr_Filter_Data_By_Country","precision":50,"scale":0,"columnIndex":-1,"isKey":false,"isExternalId":false,"isSfIdLookup":false,"isNullable":true,"isUnique":false,"isCreateable":false,"isUpdateable":true,"isFilterable":true,"isCalculated":false,"showLabel":true,"naturalOrder":0,"linkedFields":[],"relatedInfos":[],"references":[]},{"@type":"field","id":791699,"name":"StateCode1_Group","type":"string","uniqueName":"StateCode1_Group","label":"StateCode1_Group","parentObject":"afr_Filter_Data_By_Country","precision":5,"scale":0,"columnIndex":-1,"isKey":false,"isExternalId":false,"isSfIdLookup":false,"isNullable":true,"isUnique":false,"isCreateable":false,"isUpdateable":true,"isFilterable":true,"isCalculated":false,"showLabel":true,"naturalOrder":0,"linkedFields":[],"relatedInfos":[],"references":[]},{"@type":"field","id":791700,"name":"Country1_Group","type":"string","uniqueName":"Country1_Group","label":"Country1_Group","parentObject":"afr_Filter_Data_By_Country","precision":50,"scale":0,"columnIndex":-1,"isKey":false,"isExternalId":false,"isSfIdLookup":false,"isNullable":true,"isUnique":false,"isCreateable":false,"isUpdateable":true,"isFilterable":true,"isCalculated":false,"showLabel":true,"naturalOrder":0,"linkedFields":[],"relatedInfos":[],"references":[]},{"@type":"field","id":791701,"name":"CountryCode1_Group","type":"string","uniqueName":"CountryCode1_Group","label":"CountryCode1_Group","parentObject":"afr_Filter_Data_By_Country","precision":3,"scale":0,"columnIndex":-1,"isKey":false,"isExternalId":false,"isSfIdLookup":false,"isNullable":true,"isUnique":false,"isCreateable":false,"isUpdateable":true,"isFilterable":true,"isCalculated":false,"showLabel":true,"naturalOrder":0,"linkedFields":[],"relatedInfos":[],"references":[]},{"@type":"field","id":791702,"name":"PostalCode1_Group","type":"string","uniqueName":"PostalCode1_Group","label":"PostalCode1_Group","parentObject":"afr_Filter_Data_By_Country","precision":12,"scale":0,"columnIndex":-1,"isKey":false,"isExternalId":false,"isSfIdLookup":false,"isNullable":true,"isUnique":false,"isCreateable":false,"isUpdateable":true,"isFilterable":true,"isCalculated":false,"showLabel":true,"naturalOrder":0,"linkedFields":[],"relatedInfos":[],"references":[]},{"@type":"field","id":791703,"name":"Latitude1_Group","type":"double","uniqueName":"Latitude1_Group","label":"Latitude1_Group","parentObject":"afr_Filter_Data_By_Country","precision":15,"scale":0,"columnIndex":-1,"isKey":false,"isExternalId":false,"isSfIdLookup":false,"isNullable":true,"isUnique":false,"isCreateable":false,"isUpdateable":true,"isFilterable":true,"isCalculated":false,"showLabel":true,"naturalOrder":0,"linkedFields":[],"relatedInfos":[],"references":[]},{"@type":"field","id":791704,"name":"Longitude1_Group","type":"double","uniqueName":"Longitude1_Group","label":"Longitude1_Group","parentObject":"afr_Filter_Data_By_Country","precision":15,"scale":0,"columnIndex":-1,"isKey":false,"isExternalId":false,"isSfIdLookup":false,"isNullable":true,"isUnique":false,"isCreateable":false,"isUpdateable":true,"isFilterable":true,"isCalculated":false,"showLabel":true,"naturalOrder":0,"linkedFields":[],"relatedInfos":[],"references":[]},{"@type":"field","id":791705,"name":"Street2_Group","type":"string","uniqueName":"Street2_Group","label":"Street2_Group","parentObject":"afr_Filter_Data_By_Country","precision":150,"scale":0,"columnIndex":-1,"isKey":false,"isExternalId":false,"isSfIdLookup":false,"isNullable":true,"isUnique":false,"isCreateable":false,"isUpdateable":true,"isFilterable":true,"isCalculated":false,"showLabel":true,"naturalOrder":0,"linkedFields":[],"relatedInfos":[],"references":[]},{"@type":"field","id":791706,"name":"City2_Group","type":"string","uniqueName":"City2_Group","label":"City2_Group","parentObject":"afr_Filter_Data_By_Country","precision":75,"scale":0,"columnIndex":-1,"isKey":false,"isExternalId":false,"isSfIdLookup":false,"isNullable":true,"isUnique":false,"isCreateable":false,"isUpdateable":true,"isFilterable":true,"isCalculated":false,"showLabel":true,"naturalOrder":0,"linkedFields":[],"relatedInfos":[],"references":[]},{"@type":"field","id":791707,"name":"State2_Group","type":"string","uniqueName":"State2_Group","label":"State2_Group","parentObject":"afr_Filter_Data_By_Country","precision":50,"scale":0,"columnIndex":-1,"isKey":false,"isExternalId":false,"isSfIdLookup":false,"isNullable":true,"isUnique":false,"isCreateable":false,"isUpdateable":true,"isFilterable":true,"isCalculated":false,"showLabel":true,"naturalOrder":0,"linkedFields":[],"relatedInfos":[],"references":[]},{"@type":"field","id":791708,"name":"StateCode2_Group","type":"string","uniqueName":"StateCode2_Group","label":"StateCode2_Group","parentObject":"afr_Filter_Data_By_Country","precision":5,"scale":0,"columnIndex":-1,"isKey":false,"isExternalId":false,"isSfIdLookup":false,"isNullable":true,"isUnique":false,"isCreateable":false,"isUpdateable":true,"isFilterable":true,"isCalculated":false,"showLabel":true,"naturalOrder":0,"linkedFields":[],"relatedInfos":[],"references":[]},{"@type":"field","id":791709,"name":"Country2_Group","type":"string","uniqueName":"Country2_Group","label":"Country2_Group","parentObject":"afr_Filter_Data_By_Country","precision":50,"scale":0,"columnIndex":-1,"isKey":false,"isExternalId":false,"isSfIdLookup":false,"isNullable":true,"isUnique":false,"isCreateable":false,"isUpdateable":true,"isFilterable":true,"isCalculated":false,"showLabel":true,"naturalOrder":0,"linkedFields":[],"relatedInfos":[],"references":[]},{"@type":"field","id":791710,"name":"CountryCode2_Group","type":"string","uniqueName":"CountryCode2_Group","label":"CountryCode2_Group","parentObject":"afr_Filter_Data_By_Country","precision":3,"scale":0,"columnIndex":-1,"isKey":false,"isExternalId":false,"isSfIdLookup":false,"isNullable":true,"isUnique":false,"isCreateable":false,"isUpdateable":true,"isFilterable":true,"isCalculated":false,"showLabel":true,"naturalOrder":0,"linkedFields":[],"relatedInfos":[],"references":[]},{"@type":"field","id":791711,"name":"PostalCode2_Group","type":"string","uniqueName":"PostalCode2_Group","label":"PostalCode2_Group","parentObject":"afr_Filter_Data_By_Country","precision":12,"scale":0,"columnIndex":-1,"isKey":false,"isExternalId":false,"isSfIdLookup":false,"isNullable":true,"isUnique":false,"isCreateable":false,"isUpdateable":true,"isFilterable":true,"isCalculated":false,"showLabel":true,"naturalOrder":0,"linkedFields":[],"relatedInfos":[],"references":[]},{"@type":"field","id":791712,"name":"Latitude2_Group","type":"double","uniqueName":"Latitude2_Group","label":"Latitude2_Group","parentObject":"afr_Filter_Data_By_Country","precision":15,"scale":0,"columnIndex":-1,"isKey":false,"isExternalId":false,"isSfIdLookup":false,"isNullable":true,"isUnique":false,"isCreateable":false,"isUpdateable":true,"isFilterable":true,"isCalculated":false,"showLabel":true,"naturalOrder":0,"linkedFields":[],"relatedInfos":[],"references":[]},{"@type":"field","id":791713,"name":"Longitude2_Group","type":"double","uniqueName":"Longitude2_Group","label":"Longitude2_Group","parentObject":"afr_Filter_Data_By_Country","precision":15,"scale":0,"columnIndex":-1,"isKey":false,"isExternalId":false,"isSfIdLookup":false,"isNullable":true,"isUnique":false,"isCreateable":false,"isUpdateable":true,"isFilterable":true,"isCalculated":false,"showLabel":true,"naturalOrder":0,"linkedFields":[],"relatedInfos":[],"references":[]},{"@type":"field","id":791714,"name":"GeocodeAccuracy_Group","type":"string","uniqueName":"GeocodeAccuracy_Group","label":"GeocodeAccuracy_Group","parentObject":"afr_Filter_Data_By_Country","precision":25,"scale":0,"columnIndex":-1,"isKey":false,"isExternalId":false,"isSfIdLookup":false,"isNullable":true,"isUnique":false,"isCreateable":false,"isUpdateable":true,"isFilterable":true,"isCalculated":false,"showLabel":true,"naturalOrder":0,"linkedFields":[],"relatedInfos":[],"references":[]},{"@type":"field","id":791715,"name":"ConvertedDate_Group","type":"string","uniqueName":"ConvertedDate_Group","label":"ConvertedDate_Group","parentObject":"afr_Filter_Data_By_Country","precision":35,"scale":0,"columnIndex":-1,"isKey":false,"isExternalId":false,"isSfIdLookup":false,"isNullable":true,"isUnique":false,"isCreateable":false,"isUpdateable":true,"isFilterable":true,"isCalculated":false,"showLabel":true,"naturalOrder":0,"linkedFields":[],"relatedInfos":[],"references":[]},{"@type":"field","id":791716,"name":"ConvertedOpportunityId_Group","type":"string","uniqueName":"ConvertedOpportunityId_Group","label":"ConvertedOpportunityId_Group","parentObject":"afr_Filter_Data_By_Country","precision":50,"scale":0,"columnIndex":-1,"isKey":false,"isExternalId":false,"isSfIdLookup":false,"isNullable":true,"isUnique":false,"isCreateable":false,"isUpdateable":true,"isFilterable":true,"isCalculated":false,"showLabel":true,"naturalOrder":0,"linkedFields":[],"relatedInfos":[],"references":[]},{"@type":"field","id":791717,"name":"CurrencyIsoCode_Group","type":"string","uniqueName":"CurrencyIsoCode_Group","label":"CurrencyIsoCode_Group","parentObject":"afr_Filter_Data_By_Country","precision":3,"scale":0,"columnIndex":-1,"isKey":false,"isExternalId":false,"isSfIdLookup":false,"isNullable":true,"isUnique":false,"isCreateable":false,"isUpdateable":true,"isFilterable":true,"isCalculated":false,"showLabel":true,"naturalOrder":0,"linkedFields":[],"relatedInfos":[],"references":[]},{"@type":"field","id":791718,"name":"Description_Group","type":"string","uniqueName":"Description_Group","label":"Description_Group","parentObject":"afr_Filter_Data_By_Country","precision":2048,"scale":0,"columnIndex":-1,"isKey":false,"isExternalId":false,"isSfIdLookup":false,"isNullable":true,"isUnique":false,"isCreateable":false,"isUpdateable":true,"isFilterable":true,"isCalculated":false,"showLabel":true,"naturalOrder":0,"linkedFields":[],"relatedInfos":[],"references":[]},{"@type":"field","id":791719,"name":"Email_Group","type":"string","uniqueName":"Email_Group","label":"Email_Group","parentObject":"afr_Filter_Data_By_Country","precision":255,"scale":0,"columnIndex":-1,"isKey":false,"isExternalId":false,"isSfIdLookup":false,"isNullable":true,"isUnique":false,"isCreateable":false,"isUpdateable":true,"isFilterable":true,"isCalculated":false,"showLabel":true,"naturalOrder":0,"linkedFields":[],"relatedInfos":[],"references":[]},{"@type":"field","id":791720,"name":"EmailBouncedDate_Group","type":"string","uniqueName":"EmailBouncedDate_Group","label":"EmailBouncedDate_Group","parentObject":"afr_Filter_Data_By_Country","precision":35,"scale":0,"columnIndex":-1,"isKey":false,"isExternalId":false,"isSfIdLookup":false,"isNullable":true,"isUnique":false,"isCreateable":false,"isUpdateable":true,"isFilterable":true,"isCalculated":false,"showLabel":true,"naturalOrder":0,"linkedFields":[],"relatedInfos":[],"references":[]},{"@type":"field","id":791721,"name":"EmailBouncedReason_Group","type":"string","uniqueName":"EmailBouncedReason_Group","label":"EmailBouncedReason_Group","parentObject":"afr_Filter_Data_By_Country","precision":1024,"scale":0,"columnIndex":-1,"isKey":false,"isExternalId":false,"isSfIdLookup":false,"isNullable":true,"isUnique":false,"isCreateable":false,"isUpdateable":true,"isFilterable":true,"isCalculated":false,"showLabel":true,"naturalOrder":0,"linkedFields":[],"relatedInfos":[],"references":[]},{"@type":"field","id":791722,"name":"HasOptedOutOfEmail_Group","type":"string","uniqueName":"HasOptedOutOfEmail_Group","label":"HasOptedOutOfEmail_Group","parentObject":"afr_Filter_Data_By_Country","precision":5,"scale":0,"columnIndex":-1,"isKey":false,"isExternalId":false,"isSfIdLookup":false,"isNullable":true,"isUnique":false,"isCreateable":false,"isUpdateable":true,"isFilterable":true,"isCalculated":false,"showLabel":true,"naturalOrder":0,"linkedFields":[],"relatedInfos":[],"references":[]},{"@type":"field","id":791723,"name":"Phone_Group","type":"string","uniqueName":"Phone_Group","label":"Phone_Group","parentObject":"afr_Filter_Data_By_Country","precision":20,"scale":0,"columnIndex":-1,"isKey":false,"isExternalId":false,"isSfIdLookup":false,"isNullable":true,"isUnique":false,"isCreateable":false,"isUpdateable":true,"isFilterable":true,"isCalculated":false,"showLabel":true,"naturalOrder":0,"linkedFields":[],"relatedInfos":[],"references":[]},{"@type":"field","id":791724,"name":"MobilePhone_Group","type":"string","uniqueName":"MobilePhone_Group","label":"MobilePhone_Group","parentObject":"afr_Filter_Data_By_Country","precision":20,"scale":0,"columnIndex":-1,"isKey":false,"isExternalId":false,"isSfIdLookup":false,"isNullable":true,"isUnique":false,"isCreateable":false,"isUpdateable":true,"isFilterable":true,"isCalculated":false,"showLabel":true,"naturalOrder":0,"linkedFields":[],"relatedInfos":[],"references":[]},{"@type":"field","id":791725,"name":"Fax_Group","type":"string","uniqueName":"Fax_Group","label":"Fax_Group","parentObject":"afr_Filter_Data_By_Country","precision":20,"scale":0,"columnIndex":-1,"isKey":false,"isExternalId":false,"isSfIdLookup":false,"isNullable":true,"isUnique":false,"isCreateable":false,"isUpdateable":true,"isFilterable":true,"isCalculated":false,"showLabel":true,"naturalOrder":0,"linkedFields":[],"relatedInfos":[],"references":[]},{"@type":"field","id":791726,"name":"AssistantPhone_Group","type":"string","uniqueName":"AssistantPhone_Group","label":"AssistantPhone_Group","parentObject":"afr_Filter_Data_By_Country","precision":20,"scale":0,"columnIndex":-1,"isKey":false,"isExternalId":false,"isSfIdLookup":false,"isNullable":true,"isUnique":false,"isCreateable":false,"isUpdateable":true,"isFilterable":true,"isCalculated":false,"showLabel":true,"naturalOrder":0,"linkedFields":[],"relatedInfos":[],"references":[]},{"@type":"field","id":791727,"name":"OtherPhone_Group","type":"string","uniqueName":"OtherPhone_Group","label":"OtherPhone_Group","parentObject":"afr_Filter_Data_By_Country","precision":20,"scale":0,"columnIndex":-1,"isKey":false,"isExternalId":false,"isSfIdLookup":false,"isNullable":true,"isUnique":false,"isCreateable":false,"isUpdateable":true,"isFilterable":true,"isCalculated":false,"showLabel":true,"naturalOrder":0,"linkedFields":[],"relatedInfos":[],"references":[]},{"@type":"field","id":791728,"name":"Birthdate_Group","type":"string","uniqueName":"Birthdate_Group","label":"Birthdate_Group","parentObject":"afr_Filter_Data_By_Country","precision":35,"scale":0,"columnIndex":-1,"isKey":false,"isExternalId":false,"isSfIdLookup":false,"isNullable":true,"isUnique":false,"isCreateable":false,"isUpdateable":true,"isFilterable":true,"isCalculated":false,"showLabel":true,"naturalOrder":0,"linkedFields":[],"relatedInfos":[],"references":[]},{"@type":"field","id":791729,"name":"AccountNumber_Group","type":"string","uniqueName":"AccountNumber_Group","label":"AccountNumber_Group","parentObject":"afr_Filter_Data_By_Country","precision":25,"scale":0,"columnIndex":-1,"isKey":false,"isExternalId":false,"isSfIdLookup":false,"isNullable":true,"isUnique":false,"isCreateable":false,"isUpdateable":true,"isFilterable":true,"isCalculated":false,"showLabel":true,"naturalOrder":0,"linkedFields":[],"relatedInfos":[],"references":[]},{"@type":"field","id":791730,"name":"SIC_Group","type":"string","uniqueName":"SIC_Group","label":"SIC_Group","parentObject":"afr_Filter_Data_By_Country","precision":20,"scale":0,"columnIndex":-1,"isKey":false,"isExternalId":false,"isSfIdLookup":false,"isNullable":true,"isUnique":false,"isCreateable":false,"isUpdateable":true,"isFilterable":true,"isCalculated":false,"showLabel":true,"naturalOrder":0,"linkedFields":[],"relatedInfos":[],"references":[]},{"@type":"field","id":791731,"name":"IsConverted_Group","type":"decimal","uniqueName":"IsConverted_Group","label":"IsConverted_Group","parentObject":"afr_Filter_Data_By_Country","precision":5,"scale":0,"columnIndex":-1,"isKey":false,"isExternalId":false,"isSfIdLookup":false,"isNullable":true,"isUnique":false,"isCreateable":false,"isUpdateable":true,"isFilterable":true,"isCalculated":false,"showLabel":true,"naturalOrder":0,"linkedFields":[],"relatedInfos":[],"references":[]},{"@type":"field","id":791732,"name":"IsDeleted_Group","type":"string","uniqueName":"IsDeleted_Group","label":"IsDeleted_Group","parentObject":"afr_Filter_Data_By_Country","precision":5,"scale":0,"columnIndex":-1,"isKey":false,"isExternalId":false,"isSfIdLookup":false,"isNullable":true,"isUnique":false,"isCreateable":false,"isUpdateable":true,"isFilterable":true,"isCalculated":false,"showLabel":true,"naturalOrder":0,"linkedFields":[],"relatedInfos":[],"references":[]},{"@type":"field","id":791733,"name":"IsUnreadByOwner_Group","type":"string","uniqueName":"IsUnreadByOwner_Group","label":"IsUnreadByOwner_Group","parentObject":"afr_Filter_Data_By_Country","precision":5,"scale":0,"columnIndex":-1,"isKey":false,"isExternalId":false,"isSfIdLookup":false,"isNullable":true,"isUnique":false,"isCreateable":false,"isUpdateable":true,"isFilterable":true,"isCalculated":false,"showLabel":true,"naturalOrder":0,"linkedFields":[],"relatedInfos":[],"references":[]},{"@type":"field","id":791734,"name":"Jigsaw_Group","type":"string","uniqueName":"Jigsaw_Group","label":"Jigsaw_Group","parentObject":"afr_Filter_Data_By_Country","precision":20,"scale":0,"columnIndex":-1,"isKey":false,"isExternalId":false,"isSfIdLookup":false,"isNullable":true,"isUnique":false,"isCreateable":false,"isUpdateable":true,"isFilterable":true,"isCalculated":false,"showLabel":true,"naturalOrder":0,"linkedFields":[],"relatedInfos":[],"references":[]},{"@type":"field","id":791735,"name":"JigsawContactID_Group","type":"string","uniqueName":"JigsawContactID_Group","label":"JigsawContactID_Group","parentObject":"afr_Filter_Data_By_Country","precision":30,"scale":0,"columnIndex":-1,"isKey":false,"isExternalId":false,"isSfIdLookup":false,"isNullable":true,"isUnique":false,"isCreateable":false,"isUpdateable":true,"isFilterable":true,"isCalculated":false,"showLabel":true,"naturalOrder":0,"linkedFields":[],"relatedInfos":[],"references":[]},{"@type":"field","id":791736,"name":"PhotoUrl_Group","type":"string","uniqueName":"PhotoUrl_Group","label":"PhotoUrl_Group","parentObject":"afr_Filter_Data_By_Country","precision":512,"scale":0,"columnIndex":-1,"isKey":false,"isExternalId":false,"isSfIdLookup":false,"isNullable":true,"isUnique":false,"isCreateable":false,"isUpdateable":true,"isFilterable":true,"isCalculated":false,"showLabel":true,"naturalOrder":0,"linkedFields":[],"relatedInfos":[],"references":[]},{"@type":"field","id":791737,"name":"Website_Group","type":"string","uniqueName":"Website_Group","label":"Website_Group","parentObject":"afr_Filter_Data_By_Country","precision":512,"scale":0,"columnIndex":-1,"isKey":false,"isExternalId":false,"isSfIdLookup":false,"isNullable":true,"isUnique":false,"isCreateable":false,"isUpdateable":true,"isFilterable":true,"isCalculated":false,"showLabel":true,"naturalOrder":0,"linkedFields":[],"relatedInfos":[],"references":[]}],"outputs":[{"@type":"field","id":791738,"name":"Id_Filtered_Source","type":"string","uniqueName":"Id_Filtered_Source","label":"Id_Filtered_Source","parentObject":"afr_Filter_Data_By_Country","precision":50,"scale":0,"columnIndex":-1,"isKey":false,"isExternalId":false,"isSfIdLookup":false,"isNullable":true,"isUnique":false,"isCreateable":false,"isUpdateable":true,"isFilterable":true,"isCalculated":false,"showLabel":true,"naturalOrder":0,"linkedFields":[],"relatedInfos":[],"references":[]},{"@type":"field","id":791739,"name":"Status_Filtered_Source","type":"string","uniqueName":"Status_Filtered_Source","label":"Status_Filtered_Source","parentObject":"afr_Filter_Data_By_Country","precision":50,"scale":0,"columnIndex":-1,"isKey":false,"isExternalId":false,"isSfIdLookup":false,"isNullable":true,"isUnique":false,"isCreateable":false,"isUpdateable":true,"isFilterable":true,"isCalculated":false,"showLabel":true,"naturalOrder":0,"linkedFields":[],"relatedInfos":[],"references":[]},{"@type":"field","id":791740,"name":"LastActivityDate_Filtered_Source","type":"string","uniqueName":"LastActivityDate_Filtered_Source","label":"LastActivityDate_Filtered_Source","parentObject":"afr_Filter_Data_By_Country","precision":35,"scale":0,"columnIndex":-1,"isKey":false,"isExternalId":false,"isSfIdLookup":false,"isNullable":true,"isUnique":false,"isCreateable":false,"isUpdateable":true,"isFilterable":true,"isCalculated":false,"showLabel":true,"naturalOrder":0,"linkedFields":[],"relatedInfos":[],"references":[]},{"@type":"field","id":791741,"name":"LastReferencedDate_Filtered_Source","type":"string","uniqueName":"LastReferencedDate_Filtered_Source","label":"LastReferencedDate_Filtered_Source","parentObject":"afr_Filter_Data_By_Country","precision":35,"scale":0,"columnIndex":-1,"isKey":false,"isExternalId":false,"isSfIdLookup":false,"isNullable":true,"isUnique":false,"isCreateable":false,"isUpdateable":true,"isFilterable":true,"isCalculated":false,"showLabel":true,"naturalOrder":0,"linkedFields":[],"relatedInfos":[],"references":[]},{"@type":"field","id":791742,"name":"LastViewedDate_Filtered_Source","type":"string","uniqueName":"LastViewedDate_Filtered_Source","label":"LastViewedDate_Filtered_Source","parentObject":"afr_Filter_Data_By_Country","precision":35,"scale":0,"columnIndex":-1,"isKey":false,"isExternalId":false,"isSfIdLookup":false,"isNullable":true,"isUnique":false,"isCreateable":false,"isUpdateable":true,"isFilterable":true,"isCalculated":false,"showLabel":true,"naturalOrder":0,"linkedFields":[],"relatedInfos":[],"references":[]},{"@type":"field","id":791743,"name":"LeadSource_Filtered_Source","type":"string","uniqueName":"LeadSource_Filtered_Source","label":"LeadSource_Filtered_Source","parentObject":"afr_Filter_Data_By_Country","precision":50,"scale":0,"columnIndex":-1,"isKey":false,"isExternalId":false,"isSfIdLookup":false,"isNullable":true,"isUnique":false,"isCreateable":false,"isUpdateable":true,"isFilterable":true,"isCalculated":false,"showLabel":true,"naturalOrder":0,"linkedFields":[],"relatedInfos":[],"references":[]},{"@type":"field","id":791744,"name":"MasterRecordId_Filtered_Source","type":"string","uniqueName":"MasterRecordId_Filtered_Source","label":"MasterRecordId_Filtered_Source","parentObject":"afr_Filter_Data_By_Country","precision":50,"scale":0,"columnIndex":-1,"isKey":false,"isExternalId":false,"isSfIdLookup":false,"isNullable":true,"isUnique":false,"isCreateable":false,"isUpdateable":true,"isFilterable":true,"isCalculated":false,"showLabel":true,"naturalOrder":0,"linkedFields":[],"relatedInfos":[],"references":[]},{"@type":"field","id":791745,"name":"OwnerId_Filtered_Source","type":"string","uniqueName":"OwnerId_Filtered_Source","label":"OwnerId_Filtered_Source","parentObject":"afr_Filter_Data_By_Country","precision":50,"scale":0,"columnIndex":-1,"isKey":false,"isExternalId":false,"isSfIdLookup":false,"isNullable":true,"isUnique":false,"isCreateable":false,"isUpdateable":true,"isFilterable":true,"isCalculated":false,"showLabel":true,"naturalOrder":0,"linkedFields":[],"relatedInfos":[],"references":[]},{"@type":"field","id":791746,"name":"PartnerAccountId_Filtered_Source","type":"string","uniqueName":"PartnerAccountId_Filtered_Source","label":"PartnerAccountId_Filtered_Source","parentObject":"afr_Filter_Data_By_Country","precision":50,"scale":0,"columnIndex":-1,"isKey":false,"isExternalId":false,"isSfIdLookup":false,"isNullable":true,"isUnique":false,"isCreateable":false,"isUpdateable":true,"isFilterable":true,"isCalculated":false,"showLabel":true,"naturalOrder":0,"linkedFields":[],"relatedInfos":[],"references":[]},{"@type":"field","id":791747,"name":"RecordTypeId_Filtered_Source","type":"string","uniqueName":"RecordTypeId_Filtered_Source","label":"RecordTypeId_Filtered_Source","parentObject":"afr_Filter_Data_By_Country","precision":50,"scale":0,"columnIndex":-1,"isKey":false,"isExternalId":false,"isSfIdLookup":false,"isNullable":true,"isUnique":false,"isCreateable":false,"isUpdateable":true,"isFilterable":true,"isCalculated":false,"showLabel":true,"naturalOrder":0,"linkedFields":[],"relatedInfos":[],"references":[]},{"@type":"field","id":791748,"name":"Rating_Filtered_Source","type":"string","uniqueName":"Rating_Filtered_Source","label":"Rating_Filtered_Source","parentObject":"afr_Filter_Data_By_Country","precision":5,"scale":0,"columnIndex":-1,"isKey":false,"isExternalId":false,"isSfIdLookup":false,"isNullable":true,"isUnique":false,"isCreateable":false,"isUpdateable":true,"isFilterable":true,"isCalculated":false,"showLabel":true,"naturalOrder":0,"linkedFields":[],"relatedInfos":[],"references":[]},{"@type":"field","id":791749,"name":"Name_Filtered_Source","type":"string","uniqueName":"Name_Filtered_Source","label":"Name_Filtered_Source","parentObject":"afr_Filter_Data_By_Country","precision":175,"scale":0,"columnIndex":-1,"isKey":false,"isExternalId":false,"isSfIdLookup":false,"isNullable":true,"isUnique":false,"isCreateable":false,"isUpdateable":true,"isFilterable":true,"isCalculated":false,"showLabel":true,"naturalOrder":0,"linkedFields":[],"relatedInfos":[],"references":[]},{"@type":"field","id":791750,"name":"AssistantName_Filtered_Source","type":"string","uniqueName":"AssistantName_Filtered_Source","label":"AssistantName_Filtered_Source","parentObject":"afr_Filter_Data_By_Country","precision":175,"scale":0,"columnIndex":-1,"isKey":false,"isExternalId":false,"isSfIdLookup":false,"isNullable":true,"isUnique":false,"isCreateable":false,"isUpdateable":true,"isFilterable":true,"isCalculated":false,"showLabel":true,"naturalOrder":0,"linkedFields":[],"relatedInfos":[],"references":[]},{"@type":"field","id":791751,"name":"FirstName_Filtered_Source","type":"string","uniqueName":"FirstName_Filtered_Source","label":"FirstName_Filtered_Source","parentObject":"afr_Filter_Data_By_Country","precision":50,"scale":0,"columnIndex":-1,"isKey":false,"isExternalId":false,"isSfIdLookup":false,"isNullable":true,"isUnique":false,"isCreateable":false,"isUpdateable":true,"isFilterable":true,"isCalculated":false,"showLabel":true,"naturalOrder":0,"linkedFields":[],"relatedInfos":[],"references":[]},{"@type":"field","id":791752,"name":"MiddleName_Filtered_Source","type":"string","uniqueName":"MiddleName_Filtered_Source","label":"MiddleName_Filtered_Source","parentObject":"afr_Filter_Data_By_Country","precision":50,"scale":0,"columnIndex":-1,"isKey":false,"isExternalId":false,"isSfIdLookup":false,"isNullable":true,"isUnique":false,"isCreateable":false,"isUpdateable":true,"isFilterable":true,"isCalculated":false,"showLabel":true,"naturalOrder":0,"linkedFields":[],"relatedInfos":[],"references":[]},{"@type":"field","id":791753,"name":"LastName_Filtered_Source","type":"string","uniqueName":"LastName_Filtered_Source","label":"LastName_Filtered_Source","parentObject":"afr_Filter_Data_By_Country","precision":60,"scale":0,"columnIndex":-1,"isKey":false,"isExternalId":false,"isSfIdLookup":false,"isNullable":true,"isUnique":false,"isCreateable":false,"isUpdateable":true,"isFilterable":true,"isCalculated":false,"showLabel":true,"naturalOrder":0,"linkedFields":[],"relatedInfos":[],"references":[]},{"@type":"field","id":791754,"name":"Suffix_Filtered_Source","type":"string","uniqueName":"Suffix_Filtered_Source","label":"Suffix_Filtered_Source","parentObject":"afr_Filter_Data_By_Country","precision":60,"scale":0,"columnIndex":-1,"isKey":false,"isExternalId":false,"isSfIdLookup":false,"isNullable":true,"isUnique":false,"isCreateable":false,"isUpdateable":true,"isFilterable":true,"isCalculated":false,"showLabel":true,"naturalOrder":0,"linkedFields":[],"relatedInfos":[],"references":[]},{"@type":"field","id":791755,"name":"Title_Filtered_Source","type":"string","uniqueName":"Title_Filtered_Source","label":"Title_Filtered_Source","parentObject":"afr_Filter_Data_By_Country","precision":120,"scale":0,"columnIndex":-1,"isKey":false,"isExternalId":false,"isSfIdLookup":false,"isNullable":true,"isUnique":false,"isCreateable":false,"isUpdateable":true,"isFilterable":true,"isCalculated":false,"showLabel":true,"naturalOrder":0,"linkedFields":[],"relatedInfos":[],"references":[]},{"@type":"field","id":791756,"name":"Salutation_Filtered_Source","type":"string","uniqueName":"Salutation_Filtered_Source","label":"Salutation_Filtered_Source","parentObject":"afr_Filter_Data_By_Country","precision":150,"scale":0,"columnIndex":-1,"isKey":false,"isExternalId":false,"isSfIdLookup":false,"isNullable":true,"isUnique":false,"isCreateable":false,"isUpdateable":true,"isFilterable":true,"isCalculated":false,"showLabel":true,"naturalOrder":0,"linkedFields":[],"relatedInfos":[],"references":[]},{"@type":"field","id":791757,"name":"Company_Filtered_Source","type":"string","uniqueName":"Company_Filtered_Source","label":"Company_Filtered_Source","parentObject":"afr_Filter_Data_By_Country","precision":200,"scale":0,"columnIndex":-1,"isKey":false,"isExternalId":false,"isSfIdLookup":false,"isNullable":true,"isUnique":false,"isCreateable":false,"isUpdateable":true,"isFilterable":true,"isCalculated":false,"showLabel":true,"naturalOrder":0,"linkedFields":[],"relatedInfos":[],"references":[]},{"@type":"field","id":791758,"name":"Division_Filtered_Source","type":"string","uniqueName":"Division_Filtered_Source","label":"Division_Filtered_Source","parentObject":"afr_Filter_Data_By_Country","precision":100,"scale":0,"columnIndex":-1,"isKey":false,"isExternalId":false,"isSfIdLookup":false,"isNullable":true,"isUnique":false,"isCreateable":false,"isUpdateable":true,"isFilterable":true,"isCalculated":false,"showLabel":true,"naturalOrder":0,"linkedFields":[],"relatedInfos":[],"references":[]},{"@type":"field","id":791759,"name":"Industry_Filtered_Source","type":"string","uniqueName":"Industry_Filtered_Source","label":"Industry_Filtered_Source","parentObject":"afr_Filter_Data_By_Country","precision":100,"scale":0,"columnIndex":-1,"isKey":false,"isExternalId":false,"isSfIdLookup":false,"isNullable":true,"isUnique":false,"isCreateable":false,"isUpdateable":true,"isFilterable":true,"isCalculated":false,"showLabel":true,"naturalOrder":0,"linkedFields":[],"relatedInfos":[],"references":[]},{"@type":"field","id":791760,"name":"AnnualRevenue_Filtered_Source","type":"string","uniqueName":"AnnualRevenue_Filtered_Source","label":"AnnualRevenue_Filtered_Source","parentObject":"afr_Filter_Data_By_Country","precision":20,"scale":0,"columnIndex":-1,"isKey":false,"isExternalId":false,"isSfIdLookup":false,"isNullable":true,"isUnique":false,"isCreateable":false,"isUpdateable":true,"isFilterable":true,"isCalculated":false,"showLabel":true,"naturalOrder":0,"linkedFields":[],"relatedInfos":[],"references":[]},{"@type":"field","id":791761,"name":"CompanyDunsNumber_Filtered_Source","type":"string","uniqueName":"CompanyDunsNumber_Filtered_Source","label":"CompanyDunsNumber_Filtered_Source","parentObject":"afr_Filter_Data_By_Country","precision":15,"scale":0,"columnIndex":-1,"isKey":false,"isExternalId":false,"isSfIdLookup":false,"isNullable":true,"isUnique":false,"isCreateable":false,"isUpdateable":true,"isFilterable":true,"isCalculated":false,"showLabel":true,"naturalOrder":0,"linkedFields":[],"relatedInfos":[],"references":[]},{"@type":"field","id":791762,"name":"NumberOfEmployees_Filtered_Source","type":"integer","uniqueName":"NumberOfEmployees_Filtered_Source","label":"NumberOfEmployees_Filtered_Source","parentObject":"afr_Filter_Data_By_Country","precision":10,"scale":0,"columnIndex":-1,"isKey":false,"isExternalId":false,"isSfIdLookup":false,"isNullable":true,"isUnique":false,"isCreateable":false,"isUpdateable":true,"isFilterable":true,"isCalculated":false,"showLabel":true,"naturalOrder":0,"linkedFields":[],"relatedInfos":[],"references":[]},{"@type":"field","id":791763,"name":"CleanStatus_Filtered_Source","type":"string","uniqueName":"CleanStatus_Filtered_Source","label":"CleanStatus_Filtered_Source","parentObject":"afr_Filter_Data_By_Country","precision":15,"scale":0,"columnIndex":-1,"isKey":false,"isExternalId":false,"isSfIdLookup":false,"isNullable":true,"isUnique":false,"isCreateable":false,"isUpdateable":true,"isFilterable":true,"isCalculated":false,"showLabel":true,"naturalOrder":0,"linkedFields":[],"relatedInfos":[],"references":[]},{"@type":"field","id":791764,"name":"ConnectionReceivedId_Filtered_Source","type":"string","uniqueName":"ConnectionReceivedId_Filtered_Source","label":"ConnectionReceivedId_Filtered_Source","parentObject":"afr_Filter_Data_By_Country","precision":20,"scale":0,"columnIndex":-1,"isKey":false,"isExternalId":false,"isSfIdLookup":false,"isNullable":true,"isUnique":false,"isCreateable":false,"isUpdateable":true,"isFilterable":true,"isCalculated":false,"showLabel":true,"naturalOrder":0,"linkedFields":[],"relatedInfos":[],"references":[]},{"@type":"field","id":791765,"name":"ConnectionSentId_Filtered_Source","type":"string","uniqueName":"ConnectionSentId_Filtered_Source","label":"ConnectionSentId_Filtered_Source","parentObject":"afr_Filter_Data_By_Country","precision":20,"scale":0,"columnIndex":-1,"isKey":false,"isExternalId":false,"isSfIdLookup":false,"isNullable":true,"isUnique":false,"isCreateable":false,"isUpdateable":true,"isFilterable":true,"isCalculated":false,"showLabel":true,"naturalOrder":0,"linkedFields":[],"relatedInfos":[],"references":[]},{"@type":"field","id":791766,"name":"ConvertedAccountId_Filtered_Source","type":"string","uniqueName":"ConvertedAccountId_Filtered_Source","label":"ConvertedAccountId_Filtered_Source","parentObject":"afr_Filter_Data_By_Country","precision":20,"scale":0,"columnIndex":-1,"isKey":false,"isExternalId":false,"isSfIdLookup":false,"isNullable":true,"isUnique":false,"isCreateable":false,"isUpdateable":true,"isFilterable":true,"isCalculated":false,"showLabel":true,"naturalOrder":0,"linkedFields":[],"relatedInfos":[],"references":[]},{"@type":"field","id":791767,"name":"ConvertedContactId_Filtered_Source","type":"string","uniqueName":"ConvertedContactId_Filtered_Source","label":"ConvertedContactId_Filtered_Source","parentObject":"afr_Filter_Data_By_Country","precision":20,"scale":0,"columnIndex":-1,"isKey":false,"isExternalId":false,"isSfIdLookup":false,"isNullable":true,"isUnique":false,"isCreateable":false,"isUpdateable":true,"isFilterable":true,"isCalculated":false,"showLabel":true,"naturalOrder":0,"linkedFields":[],"relatedInfos":[],"references":[]},{"@type":"field","id":791768,"name":"Street1_Filtered_Source","type":"string","uniqueName":"Street1_Filtered_Source","label":"Street1_Filtered_Source","parentObject":"afr_Filter_Data_By_Country","precision":150,"scale":0,"columnIndex":-1,"isKey":false,"isExternalId":false,"isSfIdLookup":false,"isNullable":true,"isUnique":false,"isCreateable":false,"isUpdateable":true,"isFilterable":true,"isCalculated":false,"showLabel":true,"naturalOrder":0,"linkedFields":[],"relatedInfos":[],"references":[]},{"@type":"field","id":791769,"name":"City1_Filtered_Source","type":"string","uniqueName":"City1_Filtered_Source","label":"City1_Filtered_Source","parentObject":"afr_Filter_Data_By_Country","precision":75,"scale":0,"columnIndex":-1,"isKey":false,"isExternalId":false,"isSfIdLookup":false,"isNullable":true,"isUnique":false,"isCreateable":false,"isUpdateable":true,"isFilterable":true,"isCalculated":false,"showLabel":true,"naturalOrder":0,"linkedFields":[],"relatedInfos":[],"references":[]},{"@type":"field","id":791770,"name":"State1_Filtered_Source","type":"string","uniqueName":"State1_Filtered_Source","label":"State1_Filtered_Source","parentObject":"afr_Filter_Data_By_Country","precision":50,"scale":0,"columnIndex":-1,"isKey":false,"isExternalId":false,"isSfIdLookup":false,"isNullable":true,"isUnique":false,"isCreateable":false,"isUpdateable":true,"isFilterable":true,"isCalculated":false,"showLabel":true,"naturalOrder":0,"linkedFields":[],"relatedInfos":[],"references":[]},{"@type":"field","id":791771,"name":"StateCode1_Filtered_Source","type":"string","uniqueName":"StateCode1_Filtered_Source","label":"StateCode1_Filtered_Source","parentObject":"afr_Filter_Data_By_Country","precision":5,"scale":0,"columnIndex":-1,"isKey":false,"isExternalId":false,"isSfIdLookup":false,"isNullable":true,"isUnique":false,"isCreateable":false,"isUpdateable":true,"isFilterable":true,"isCalculated":false,"showLabel":true,"naturalOrder":0,"linkedFields":[],"relatedInfos":[],"references":[]},{"@type":"field","id":791772,"name":"Country1_Filtered_Source","type":"string","uniqueName":"Country1_Filtered_Source","label":"Country1_Filtered_Source","parentObject":"afr_Filter_Data_By_Country","precision":50,"scale":0,"columnIndex":-1,"isKey":false,"isExternalId":false,"isSfIdLookup":false,"isNullable":true,"isUnique":false,"isCreateable":false,"isUpdateable":true,"isFilterable":true,"isCalculated":false,"showLabel":true,"naturalOrder":0,"linkedFields":[],"relatedInfos":[],"references":[]},{"@type":"field","id":791773,"name":"CountryCode1_Filtered_Source","type":"string","uniqueName":"CountryCode1_Filtered_Source","label":"CountryCode1_Filtered_Source","parentObject":"afr_Filter_Data_By_Country","precision":3,"scale":0,"columnIndex":-1,"isKey":false,"isExternalId":false,"isSfIdLookup":false,"isNullable":true,"isUnique":false,"isCreateable":false,"isUpdateable":true,"isFilterable":true,"isCalculated":false,"showLabel":true,"naturalOrder":0,"linkedFields":[],"relatedInfos":[],"references":[]},{"@type":"field","id":791774,"name":"PostalCode1_Filtered_Source","type":"string","uniqueName":"PostalCode1_Filtered_Source","label":"PostalCode1_Filtered_Source","parentObject":"afr_Filter_Data_By_Country","precision":12,"scale":0,"columnIndex":-1,"isKey":false,"isExternalId":false,"isSfIdLookup":false,"isNullable":true,"isUnique":false,"isCreateable":false,"isUpdateable":true,"isFilterable":true,"isCalculated":false,"showLabel":true,"naturalOrder":0,"linkedFields":[],"relatedInfos":[],"references":[]},{"@type":"field","id":791775,"name":"Latitude1_Filtered_Source","type":"double","uniqueName":"Latitude1_Filtered_Source","label":"Latitude1_Filtered_Source","parentObject":"afr_Filter_Data_By_Country","precision":15,"scale":0,"columnIndex":-1,"isKey":false,"isExternalId":false,"isSfIdLookup":false,"isNullable":true,"isUnique":false,"isCreateable":false,"isUpdateable":true,"isFilterable":true,"isCalculated":false,"showLabel":true,"naturalOrder":0,"linkedFields":[],"relatedInfos":[],"references":[]},{"@type":"field","id":791776,"name":"Longitude1_Filtered_Source","type":"double","uniqueName":"Longitude1_Filtered_Source","label":"Longitude1_Filtered_Source","parentObject":"afr_Filter_Data_By_Country","precision":15,"scale":0,"columnIndex":-1,"isKey":false,"isExternalId":false,"isSfIdLookup":false,"isNullable":true,"isUnique":false,"isCreateable":false,"isUpdateable":true,"isFilterable":true,"isCalculated":false,"showLabel":true,"naturalOrder":0,"linkedFields":[],"relatedInfos":[],"references":[]},{"@type":"field","id":791777,"name":"Street2_Filtered_Source","type":"string","uniqueName":"Street2_Filtered_Source","label":"Street2_Filtered_Source","parentObject":"afr_Filter_Data_By_Country","precision":150,"scale":0,"columnIndex":-1,"isKey":false,"isExternalId":false,"isSfIdLookup":false,"isNullable":true,"isUnique":false,"isCreateable":false,"isUpdateable":true,"isFilterable":true,"isCalculated":false,"showLabel":true,"naturalOrder":0,"linkedFields":[],"relatedInfos":[],"references":[]},{"@type":"field","id":791778,"name":"City2_Filtered_Source","type":"string","uniqueName":"City2_Filtered_Source","label":"City2_Filtered_Source","parentObject":"afr_Filter_Data_By_Country","precision":75,"scale":0,"columnIndex":-1,"isKey":false,"isExternalId":false,"isSfIdLookup":false,"isNullable":true,"isUnique":false,"isCreateable":false,"isUpdateable":true,"isFilterable":true,"isCalculated":false,"showLabel":true,"naturalOrder":0,"linkedFields":[],"relatedInfos":[],"references":[]},{"@type":"field","id":791779,"name":"State2_Filtered_Source","type":"string","uniqueName":"State2_Filtered_Source","label":"State2_Filtered_Source","parentObject":"afr_Filter_Data_By_Country","precision":50,"scale":0,"columnIndex":-1,"isKey":false,"isExternalId":false,"isSfIdLookup":false,"isNullable":true,"isUnique":false,"isCreateable":false,"isUpdateable":true,"isFilterable":true,"isCalculated":false,"showLabel":true,"naturalOrder":0,"linkedFields":[],"relatedInfos":[],"references":[]},{"@type":"field","id":791780,"name":"StateCode2_Filtered_Source","type":"string","uniqueName":"StateCode2_Filtered_Source","label":"StateCode2_Filtered_Source","parentObject":"afr_Filter_Data_By_Country","precision":5,"scale":0,"columnIndex":-1,"isKey":false,"isExternalId":false,"isSfIdLookup":false,"isNullable":true,"isUnique":false,"isCreateable":false,"isUpdateable":true,"isFilterable":true,"isCalculated":false,"showLabel":true,"naturalOrder":0,"linkedFields":[],"relatedInfos":[],"references":[]},{"@type":"field","id":791781,"name":"Country2_Filtered_Source","type":"string","uniqueName":"Country2_Filtered_Source","label":"Country2_Filtered_Source","parentObject":"afr_Filter_Data_By_Country","precision":50,"scale":0,"columnIndex":-1,"isKey":false,"isExternalId":false,"isSfIdLookup":false,"isNullable":true,"isUnique":false,"isCreateable":false,"isUpdateable":true,"isFilterable":true,"isCalculated":false,"showLabel":true,"naturalOrder":0,"linkedFields":[],"relatedInfos":[],"references":[]},{"@type":"field","id":791782,"name":"CountryCode2_Filtered_Source","type":"string","uniqueName":"CountryCode2_Filtered_Source","label":"CountryCode2_Filtered_Source","parentObject":"afr_Filter_Data_By_Country","precision":3,"scale":0,"columnIndex":-1,"isKey":false,"isExternalId":false,"isSfIdLookup":false,"isNullable":true,"isUnique":false,"isCreateable":false,"isUpdateable":true,"isFilterable":true,"isCalculated":false,"showLabel":true,"naturalOrder":0,"linkedFields":[],"relatedInfos":[],"references":[]},{"@type":"field","id":791783,"name":"PostalCode2_Filtered_Source","type":"string","uniqueName":"PostalCode2_Filtered_Source","label":"PostalCode2_Filtered_Source","parentObject":"afr_Filter_Data_By_Country","precision":12,"scale":0,"columnIndex":-1,"isKey":false,"isExternalId":false,"isSfIdLookup":false,"isNullable":true,"isUnique":false,"isCreateable":false,"isUpdateable":true,"isFilterable":true,"isCalculated":false,"showLabel":true,"naturalOrder":0,"linkedFields":[],"relatedInfos":[],"references":[]},{"@type":"field","id":791784,"name":"Latitude2_Filtered_Source","type":"double","uniqueName":"Latitude2_Filtered_Source","label":"Latitude2_Filtered_Source","parentObject":"afr_Filter_Data_By_Country","precision":15,"scale":0,"columnIndex":-1,"isKey":false,"isExternalId":false,"isSfIdLookup":false,"isNullable":true,"isUnique":false,"isCreateable":false,"isUpdateable":true,"isFilterable":true,"isCalculated":false,"showLabel":true,"naturalOrder":0,"linkedFields":[],"relatedInfos":[],"references":[]},{"@type":"field","id":791785,"name":"Longitude2_Filtered_Source","type":"double","uniqueName":"Longitude2_Filtered_Source","label":"Longitude2_Filtered_Source","parentObject":"afr_Filter_Data_By_Country","precision":15,"scale":0,"columnIndex":-1,"isKey":false,"isExternalId":false,"isSfIdLookup":false,"isNullable":true,"isUnique":false,"isCreateable":false,"isUpdateable":true,"isFilterable":true,"isCalculated":false,"showLabel":true,"naturalOrder":0,"linkedFields":[],"relatedInfos":[],"references":[]},{"@type":"field","id":791786,"name":"GeocodeAccuracy_Filtered_Source","type":"string","uniqueName":"GeocodeAccuracy_Filtered_Source","label":"GeocodeAccuracy_Filtered_Source","parentObject":"afr_Filter_Data_By_Country","precision":25,"scale":0,"columnIndex":-1,"isKey":false,"isExternalId":false,"isSfIdLookup":false,"isNullable":true,"isUnique":false,"isCreateable":false,"isUpdateable":true,"isFilterable":true,"isCalculated":false,"showLabel":true,"naturalOrder":0,"linkedFields":[],"relatedInfos":[],"references":[]},{"@type":"field","id":791787,"name":"ConvertedDate_Filtered_Source","type":"string","uniqueName":"ConvertedDate_Filtered_Source","label":"ConvertedDate_Filtered_Source","parentObject":"afr_Filter_Data_By_Country","precision":35,"scale":0,"columnIndex":-1,"isKey":false,"isExternalId":false,"isSfIdLookup":false,"isNullable":true,"isUnique":false,"isCreateable":false,"isUpdateable":true,"isFilterable":true,"isCalculated":false,"showLabel":true,"naturalOrder":0,"linkedFields":[],"relatedInfos":[],"references":[]},{"@type":"field","id":791788,"name":"ConvertedOpportunityId_Filtered_Source","type":"string","uniqueName":"ConvertedOpportunityId_Filtered_Source","label":"ConvertedOpportunityId_Filtered_Source","parentObject":"afr_Filter_Data_By_Country","precision":50,"scale":0,"columnIndex":-1,"isKey":false,"isExternalId":false,"isSfIdLookup":false,"isNullable":true,"isUnique":false,"isCreateable":false,"isUpdateable":true,"isFilterable":true,"isCalculated":false,"showLabel":true,"naturalOrder":0,"linkedFields":[],"relatedInfos":[],"references":[]},{"@type":"field","id":791789,"name":"CurrencyIsoCode_Filtered_Source","type":"string","uniqueName":"CurrencyIsoCode_Filtered_Source","label":"CurrencyIsoCode_Filtered_Source","parentObject":"afr_Filter_Data_By_Country","precision":3,"scale":0,"columnIndex":-1,"isKey":false,"isExternalId":false,"isSfIdLookup":false,"isNullable":true,"isUnique":false,"isCreateable":false,"isUpdateable":true,"isFilterable":true,"isCalculated":false,"showLabel":true,"naturalOrder":0,"linkedFields":[],"relatedInfos":[],"references":[]},{"@type":"field","id":791790,"name":"Description_Filtered_Source","type":"string","uniqueName":"Description_Filtered_Source","label":"Description_Filtered_Source","parentObject":"afr_Filter_Data_By_Country","precision":2048,"scale":0,"columnIndex":-1,"isKey":false,"isExternalId":false,"isSfIdLookup":false,"isNullable":true,"isUnique":false,"isCreateable":false,"isUpdateable":true,"isFilterable":true,"isCalculated":false,"showLabel":true,"naturalOrder":0,"linkedFields":[],"relatedInfos":[],"references":[]},{"@type":"field","id":791791,"name":"Email_Filtered_Source","type":"string","uniqueName":"Email_Filtered_Source","label":"Email_Filtered_Source","parentObject":"afr_Filter_Data_By_Country","precision":255,"scale":0,"columnIndex":-1,"isKey":false,"isExternalId":false,"isSfIdLookup":false,"isNullable":true,"isUnique":false,"isCreateable":false,"isUpdateable":true,"isFilterable":true,"isCalculated":false,"showLabel":true,"naturalOrder":0,"linkedFields":[],"relatedInfos":[],"references":[]},{"@type":"field","id":791792,"name":"EmailBouncedDate_Filtered_Source","type":"string","uniqueName":"EmailBouncedDate_Filtered_Source","label":"EmailBouncedDate_Filtered_Source","parentObject":"afr_Filter_Data_By_Country","precision":35,"scale":0,"columnIndex":-1,"isKey":false,"isExternalId":false,"isSfIdLookup":false,"isNullable":true,"isUnique":false,"isCreateable":false,"isUpdateable":true,"isFilterable":true,"isCalculated":false,"showLabel":true,"naturalOrder":0,"linkedFields":[],"relatedInfos":[],"references":[]},{"@type":"field","id":791793,"name":"EmailBouncedReason_Filtered_Source","type":"string","uniqueName":"EmailBouncedReason_Filtered_Source","label":"EmailBouncedReason_Filtered_Source","parentObject":"afr_Filter_Data_By_Country","precision":1024,"scale":0,"columnIndex":-1,"isKey":false,"isExternalId":false,"isSfIdLookup":false,"isNullable":true,"isUnique":false,"isCreateable":false,"isUpdateable":true,"isFilterable":true,"isCalculated":false,"showLabel":true,"naturalOrder":0,"linkedFields":[],"relatedInfos":[],"references":[]},{"@type":"field","id":791794,"name":"HasOptedOutOfEmail_Filtered_Source","type":"string","uniqueName":"HasOptedOutOfEmail_Filtered_Source","label":"HasOptedOutOfEmail_Filtered_Source","parentObject":"afr_Filter_Data_By_Country","precision":5,"scale":0,"columnIndex":-1,"isKey":false,"isExternalId":false,"isSfIdLookup":false,"isNullable":true,"isUnique":false,"isCreateable":false,"isUpdateable":true,"isFilterable":true,"isCalculated":false,"showLabel":true,"naturalOrder":0,"linkedFields":[],"relatedInfos":[],"references":[]},{"@type":"field","id":791795,"name":"Phone_Filtered_Source","type":"string","uniqueName":"Phone_Filtered_Source","label":"Phone_Filtered_Source","parentObject":"afr_Filter_Data_By_Country","precision":20,"scale":0,"columnIndex":-1,"isKey":false,"isExternalId":false,"isSfIdLookup":false,"isNullable":true,"isUnique":false,"isCreateable":false,"isUpdateable":true,"isFilterable":true,"isCalculated":false,"showLabel":true,"naturalOrder":0,"linkedFields":[],"relatedInfos":[],"references":[]},{"@type":"field","id":791796,"name":"MobilePhone_Filtered_Source","type":"string","uniqueName":"MobilePhone_Filtered_Source","label":"MobilePhone_Filtered_Source","parentObject":"afr_Filter_Data_By_Country","precision":20,"scale":0,"columnIndex":-1,"isKey":false,"isExternalId":false,"isSfIdLookup":false,"isNullable":true,"isUnique":false,"isCreateable":false,"isUpdateable":true,"isFilterable":true,"isCalculated":false,"showLabel":true,"naturalOrder":0,"linkedFields":[],"relatedInfos":[],"references":[]},{"@type":"field","id":791797,"name":"Fax_Filtered_Source","type":"string","uniqueName":"Fax_Filtered_Source","label":"Fax_Filtered_Source","parentObject":"afr_Filter_Data_By_Country","precision":20,"scale":0,"columnIndex":-1,"isKey":false,"isExternalId":false,"isSfIdLookup":false,"isNullable":true,"isUnique":false,"isCreateable":false,"isUpdateable":true,"isFilterable":true,"isCalculated":false,"showLabel":true,"naturalOrder":0,"linkedFields":[],"relatedInfos":[],"references":[]},{"@type":"field","id":791798,"name":"AssistantPhone_Filtered_Source","type":"string","uniqueName":"AssistantPhone_Filtered_Source","label":"AssistantPhone_Filtered_Source","parentObject":"afr_Filter_Data_By_Country","precision":20,"scale":0,"columnIndex":-1,"isKey":false,"isExternalId":false,"isSfIdLookup":false,"isNullable":true,"isUnique":false,"isCreateable":false,"isUpdateable":true,"isFilterable":true,"isCalculated":false,"showLabel":true,"naturalOrder":0,"linkedFields":[],"relatedInfos":[],"references":[]},{"@type":"field","id":791799,"name":"OtherPhone_Filtered_Source","type":"string","uniqueName":"OtherPhone_Filtered_Source","label":"OtherPhone_Filtered_Source","parentObject":"afr_Filter_Data_By_Country","precision":20,"scale":0,"columnIndex":-1,"isKey":false,"isExternalId":false,"isSfIdLookup":false,"isNullable":true,"isUnique":false,"isCreateable":false,"isUpdateable":true,"isFilterable":true,"isCalculated":false,"showLabel":true,"naturalOrder":0,"linkedFields":[],"relatedInfos":[],"references":[]},{"@type":"field","id":791800,"name":"Birthdate_Filtered_Source","type":"string","uniqueName":"Birthdate_Filtered_Source","label":"Birthdate_Filtered_Source","parentObject":"afr_Filter_Data_By_Country","precision":35,"scale":0,"columnIndex":-1,"isKey":false,"isExternalId":false,"isSfIdLookup":false,"isNullable":true,"isUnique":false,"isCreateable":false,"isUpdateable":true,"isFilterable":true,"isCalculated":false,"showLabel":true,"naturalOrder":0,"linkedFields":[],"relatedInfos":[],"references":[]},{"@type":"field","id":791801,"name":"AccountNumber_Filtered_Source","type":"string","uniqueName":"AccountNumber_Filtered_Source","label":"AccountNumber_Filtered_Source","parentObject":"afr_Filter_Data_By_Country","precision":25,"scale":0,"columnIndex":-1,"isKey":false,"isExternalId":false,"isSfIdLookup":false,"isNullable":true,"isUnique":false,"isCreateable":false,"isUpdateable":true,"isFilterable":true,"isCalculated":false,"showLabel":true,"naturalOrder":0,"linkedFields":[],"relatedInfos":[],"references":[]},{"@type":"field","id":791802,"name":"SIC_Filtered_Source","type":"string","uniqueName":"SIC_Filtered_Source","label":"SIC_Filtered_Source","parentObject":"afr_Filter_Data_By_Country","precision":20,"scale":0,"columnIndex":-1,"isKey":false,"isExternalId":false,"isSfIdLookup":false,"isNullable":true,"isUnique":false,"isCreateable":false,"isUpdateable":true,"isFilterable":true,"isCalculated":false,"showLabel":true,"naturalOrder":0,"linkedFields":[],"relatedInfos":[],"references":[]},{"@type":"field","id":791803,"name":"IsConverted_Filtered_Source","type":"decimal","uniqueName":"IsConverted_Filtered_Source","label":"IsConverted_Filtered_Source","parentObject":"afr_Filter_Data_By_Country","precision":5,"scale":0,"columnIndex":-1,"isKey":false,"isExternalId":false,"isSfIdLookup":false,"isNullable":true,"isUnique":false,"isCreateable":false,"isUpdateable":true,"isFilterable":true,"isCalculated":false,"showLabel":true,"naturalOrder":0,"linkedFields":[],"relatedInfos":[],"references":[]},{"@type":"field","id":791804,"name":"IsDeleted_Filtered_Source","type":"string","uniqueName":"IsDeleted_Filtered_Source","label":"IsDeleted_Filtered_Source","parentObject":"afr_Filter_Data_By_Country","precision":5,"scale":0,"columnIndex":-1,"isKey":false,"isExternalId":false,"isSfIdLookup":false,"isNullable":true,"isUnique":false,"isCreateable":false,"isUpdateable":true,"isFilterable":true,"isCalculated":false,"showLabel":true,"naturalOrder":0,"linkedFields":[],"relatedInfos":[],"references":[]},{"@type":"field","id":791805,"name":"IsUnreadByOwner_Filtered_Source","type":"string","uniqueName":"IsUnreadByOwner_Filtered_Source","label":"IsUnreadByOwner_Filtered_Source","parentObject":"afr_Filter_Data_By_Country","precision":5,"scale":0,"columnIndex":-1,"isKey":false,"isExternalId":false,"isSfIdLookup":false,"isNullable":true,"isUnique":false,"isCreateable":false,"isUpdateable":true,"isFilterable":true,"isCalculated":false,"showLabel":true,"naturalOrder":0,"linkedFields":[],"relatedInfos":[],"references":[]},{"@type":"field","id":791806,"name":"Jigsaw_Filtered_Source","type":"string","uniqueName":"Jigsaw_Filtered_Source","label":"Jigsaw_Filtered_Source","parentObject":"afr_Filter_Data_By_Country","precision":20,"scale":0,"columnIndex":-1,"isKey":false,"isExternalId":false,"isSfIdLookup":false,"isNullable":true,"isUnique":false,"isCreateable":false,"isUpdateable":true,"isFilterable":true,"isCalculated":false,"showLabel":true,"naturalOrder":0,"linkedFields":[],"relatedInfos":[],"references":[]},{"@type":"field","id":791807,"name":"JigsawContactID_Filtered_Source","type":"string","uniqueName":"JigsawContactID_Filtered_Source","label":"JigsawContactID_Filtered_Source","parentObject":"afr_Filter_Data_By_Country","precision":30,"scale":0,"columnIndex":-1,"isKey":false,"isExternalId":false,"isSfIdLookup":false,"isNullable":true,"isUnique":false,"isCreateable":false,"isUpdateable":true,"isFilterable":true,"isCalculated":false,"showLabel":true,"naturalOrder":0,"linkedFields":[],"relatedInfos":[],"references":[]},{"@type":"field","id":791808,"name":"PhotoUrl_Filtered_Source","type":"string","uniqueName":"PhotoUrl_Filtered_Source","label":"PhotoUrl_Filtered_Source","parentObject":"afr_Filter_Data_By_Country","precision":512,"scale":0,"columnIndex":-1,"isKey":false,"isExternalId":false,"isSfIdLookup":false,"isNullable":true,"isUnique":false,"isCreateable":false,"isUpdateable":true,"isFilterable":true,"isCalculated":false,"showLabel":true,"naturalOrder":0,"linkedFields":[],"relatedInfos":[],"references":[]},{"@type":"field","id":791809,"name":"Website_Filtered_Source","type":"string","uniqueName":"Website_Filtered_Source","label":"Website_Filtered_Source","parentObject":"afr_Filter_Data_By_Country","precision":512,"scale":0,"columnIndex":-1,"isKey":false,"isExternalId":false,"isSfIdLookup":false,"isNullable":true,"isUnique":false,"isCreateable":false,"isUpdateable":true,"isFilterable":true,"isCalculated":false,"showLabel":true,"naturalOrder":0,"linkedFields":[],"relatedInfos":[],"references":[]}],"connections":[]}]