{"EntryId":{"$t":"xRabbfTQbdxWq9b-gt-548-2018-04-11T21:05:12.383Z::conn.xml"},"Name":{"$t":"Edmunds-actions-1"},"ParentFlowIds":{"$t":"JnRN7Y3AxtPk7HN-gt-10656-2018-05-14T19:06:21.567Z::pd.xml,Chs9pNz6HKoJBUh-gt-558-2018-04-11T21:05:12.459Z::pd.xml"},"MimeType":{"$t":"application\/xml+connection"},"Description":{"$t":"Uses the Edmunds service Connector to get vehicle makes."},"AppliesTo":{},"Tags":{},"VersionLabel":{"$t":"1.0"},"State":{"$t":"CURRENT"},"ProcessGroup":{},"CreatedBy":{"$t":"vnath@informatica.com"},"CreationDate":{"$t":"2018-04-11T21:05:12Z"},"ModifiedBy":{},"PublicationStatus":{"$t":"unpublished"},"AutosaveExists":{"$t":"false"},"Entry":{"connection":{"displayName":"Edmunds-actions","label":"Edmunds-actions","name":"Edmunds-actions-1","xmlns":"http:\/\/schemas.informatica.com\/socrates\/data-services\/2014\/04\/avosConnections.xsd","xmlns$aetgt":"http:\/\/schemas.active-endpoints.com\/appmodules\/repository\/2010\/10\/avrepository.xsd","description":{"$t":"Uses the Edmunds service Connector to get vehicle makes."},"tags":{},"agent":{},"attributes":{"attribute":{"encrypted":"false","name":"api_key","value":"279dxm5nz6ws4gdaeh96r5ga"}},"businessConnector":{"agentOnly":"false","connectorPath":"project:\/rt.connector\/Edmunds\/Edmunds_svcDef.xml","name":"Edmunds","supportsConnectionTest":"false","uuid":"b60152dc-7144-44d9-9e32-032fc474c930","xmlns":"http:\/\/schemas.informatica.com\/appmodules\/screenflow\/2014\/04\/avosConnectors.xsd","description":{"$t":"Invoke actions from the Edmunds Vehicle API service"}}}},"GUID":{"$t":"6TT95OQ1cRhjvJC2ifcvcx"},"DisplayName":{"$t":"Edmunds-actions"}}