[{"@type":"connection","id":"@1","name":"RAGHU_MEM_SQL_CON_UNICO","description":"testing","runtimeEnvironmentId":"@k2gaWYGKogceLIESa6LoG7","instanceName":"MemSQL","shortDescription":"testing","type":"TOOLKIT","port":0,"majorUpdateTime":"2019-05-02T13:07:58.000Z","timeout":60,"connParams":{"mode":"UPDATE","agentId":"0018IZ08000000000022","Username":"test","agentGroupId":"0018IZ2500000000002T","MemSQL Connection URL":"jdbc:informatica:mysql://ec2-3-87-59-99.compute-1.amazonaws.com:3306;databaseName=test","Schema":null,"orgId":"0018IZ","Password":"********"}}]