[{"@type":"customFunc","id":"@1","name":"afr_Multi_Ind_Pass_Fillter","mappletName":"afr_Multi_Ind_Pass_Fillter","active":true,"mappletXmlFile":"afr_Multi_Ind_Pass_Fillter.XML","category":"POWERCENTER_MAPPLET","inputs":[{"@type":"field","id":792129,"name":"Row_ID_AFR_Group1","type":"string","uniqueName":"Row_ID_AFR_Group1","label":"Row_ID_AFR_Group1","parentObject":"afr_Multi_Ind_Pass_Fillter","precision":18,"scale":0,"columnIndex":-1,"isKey":false,"isExternalId":false,"isSfIdLookup":false,"isNullable":true,"isUnique":false,"isCreateable":false,"isUpdateable":true,"isFilterable":true,"isCalculated":false,"showLabel":true,"naturalOrder":0,"linkedFields":[],"relatedInfos":[],"references":[]},{"@type":"field","id":792130,"name":"Tennant_ID_AFR_Group1","type":"string","uniqueName":"Tennant_ID_AFR_Group1","label":"Tennant_ID_AFR_Group1","parentObject":"afr_Multi_Ind_Pass_Fillter","precision":32,"scale":0,"columnIndex":-1,"isKey":false,"isExternalId":false,"isSfIdLookup":false,"isNullable":true,"isUnique":false,"isCreateable":false,"isUpdateable":true,"isFilterable":true,"isCalculated":false,"showLabel":true,"naturalOrder":0,"linkedFields":[],"relatedInfos":[],"references":[]},{"@type":"field","id":792131,"name":"TIMEID_AFR_Group1","type":"integer","uniqueName":"TIMEID_AFR_Group1","label":"TIMEID_AFR_Group1","parentObject":"afr_Multi_Ind_Pass_Fillter","precision":10,"scale":0,"columnIndex":-1,"isKey":false,"isExternalId":false,"isSfIdLookup":false,"isNullable":true,"isUnique":false,"isCreateable":false,"isUpdateable":true,"isFilterable":true,"isCalculated":false,"showLabel":true,"naturalOrder":0,"linkedFields":[],"relatedInfos":[],"references":[]},{"@type":"field","id":792132,"name":"TimeStamp_AFR_Group1","type":"date/time","uniqueName":"TimeStamp_AFR_Group1","label":"TimeStamp_AFR_Group1","parentObject":"afr_Multi_Ind_Pass_Fillter","precision":29,"scale":9,"columnIndex":-1,"isKey":false,"isExternalId":false,"isSfIdLookup":false,"isNullable":true,"isUnique":false,"isCreateable":false,"isUpdateable":true,"isFilterable":true,"isCalculated":false,"showLabel":true,"naturalOrder":0,"linkedFields":[],"relatedInfos":[],"references":[]},{"@type":"field","id":792133,"name":"RULEID_AFR_Group1","type":"integer","uniqueName":"RULEID_AFR_Group1","label":"RULEID_AFR_Group1","parentObject":"afr_Multi_Ind_Pass_Fillter","precision":10,"scale":0,"columnIndex":-1,"isKey":false,"isExternalId":false,"isSfIdLookup":false,"isNullable":true,"isUnique":false,"isCreateable":false,"isUpdateable":true,"isFilterable":true,"isCalculated":false,"showLabel":true,"naturalOrder":0,"linkedFields":[],"relatedInfos":[],"references":[]},{"@type":"field","id":792134,"name":"FIELDID_AFR_Group1","type":"integer","uniqueName":"FIELDID_AFR_Group1","label":"FIELDID_AFR_Group1","parentObject":"afr_Multi_Ind_Pass_Fillter","precision":10,"scale":0,"columnIndex":-1,"isKey":false,"isExternalId":false,"isSfIdLookup":false,"isNullable":true,"isUnique":false,"isCreateable":false,"isUpdateable":true,"isFilterable":true,"isCalculated":false,"showLabel":true,"naturalOrder":0,"linkedFields":[],"relatedInfos":[],"references":[]},{"@type":"field","id":792135,"name":"Entity_ID_AFR_Group1","type":"decimal","uniqueName":"Entity_ID_AFR_Group1","label":"Entity_ID_AFR_Group1","parentObject":"afr_Multi_Ind_Pass_Fillter","precision":10,"scale":0,"columnIndex":-1,"isKey":false,"isExternalId":false,"isSfIdLookup":false,"isNullable":true,"isUnique":false,"isCreateable":false,"isUpdateable":true,"isFilterable":true,"isCalculated":false,"showLabel":true,"naturalOrder":0,"linkedFields":[],"relatedInfos":[],"references":[]},{"@type":"field","id":792136,"name":"ISSUEID_AFR_Group1","type":"integer","uniqueName":"ISSUEID_AFR_Group1","label":"ISSUEID_AFR_Group1","parentObject":"afr_Multi_Ind_Pass_Fillter","precision":10,"scale":0,"columnIndex":-1,"isKey":false,"isExternalId":false,"isSfIdLookup":false,"isNullable":true,"isUnique":false,"isCreateable":false,"isUpdateable":true,"isFilterable":true,"isCalculated":false,"showLabel":true,"naturalOrder":0,"linkedFields":[],"relatedInfos":[],"references":[]},{"@type":"field","id":792137,"name":"Pass_Flags_AFR_Group1","type":"integer","uniqueName":"Pass_Flags_AFR_Group1","label":"Pass_Flags_AFR_Group1","parentObject":"afr_Multi_Ind_Pass_Fillter","precision":10,"scale":0,"columnIndex":-1,"isKey":false,"isExternalId":false,"isSfIdLookup":false,"isNullable":true,"isUnique":false,"isCreateable":false,"isUpdateable":true,"isFilterable":true,"isCalculated":false,"showLabel":true,"naturalOrder":0,"linkedFields":[],"relatedInfos":[],"references":[]},{"@type":"field","id":792138,"name":"Fail_Flags_AFR_Group1","type":"integer","uniqueName":"Fail_Flags_AFR_Group1","label":"Fail_Flags_AFR_Group1","parentObject":"afr_Multi_Ind_Pass_Fillter","precision":10,"scale":0,"columnIndex":-1,"isKey":false,"isExternalId":false,"isSfIdLookup":false,"isNullable":true,"isUnique":false,"isCreateable":false,"isUpdateable":true,"isFilterable":true,"isCalculated":false,"showLabel":true,"naturalOrder":0,"linkedFields":[],"relatedInfos":[],"references":[]},{"@type":"field","id":792139,"name":"Fix_Pass_Flags_AFR_Group1","type":"integer","uniqueName":"Fix_Pass_Flags_AFR_Group1","label":"Fix_Pass_Flags_AFR_Group1","parentObject":"afr_Multi_Ind_Pass_Fillter","precision":10,"scale":0,"columnIndex":-1,"isKey":false,"isExternalId":false,"isSfIdLookup":false,"isNullable":true,"isUnique":false,"isCreateable":false,"isUpdateable":true,"isFilterable":true,"isCalculated":false,"showLabel":true,"naturalOrder":0,"linkedFields":[],"relatedInfos":[],"references":[]},{"@type":"field","id":792140,"name":"Fix_Fail_Flags_AFR_Group1","type":"integer","uniqueName":"Fix_Fail_Flags_AFR_Group1","label":"Fix_Fail_Flags_AFR_Group1","parentObject":"afr_Multi_Ind_Pass_Fillter","precision":10,"scale":0,"columnIndex":-1,"isKey":false,"isExternalId":false,"isSfIdLookup":false,"isNullable":true,"isUnique":false,"isCreateable":false,"isUpdateable":true,"isFilterable":true,"isCalculated":false,"showLabel":true,"naturalOrder":0,"linkedFields":[],"relatedInfos":[],"references":[]},{"@type":"field","id":792141,"name":"Row_Id_SRP_Group2","type":"string","uniqueName":"Row_Id_SRP_Group2","label":"Row_Id_SRP_Group2","parentObject":"afr_Multi_Ind_Pass_Fillter","precision":18,"scale":0,"columnIndex":-1,"isKey":false,"isExternalId":false,"isSfIdLookup":false,"isNullable":true,"isUnique":false,"isCreateable":false,"isUpdateable":true,"isFilterable":true,"isCalculated":false,"showLabel":true,"naturalOrder":0,"linkedFields":[],"relatedInfos":[],"references":[]},{"@type":"field","id":792142,"name":"Total_Recs_Processed_SRP_Group2","type":"double","uniqueName":"Total_Recs_Processed_SRP_Group2","label":"Total_Recs_Processed_SRP_Group2","parentObject":"afr_Multi_Ind_Pass_Fillter","precision":15,"scale":0,"columnIndex":-1,"isKey":false,"isExternalId":false,"isSfIdLookup":false,"isNullable":true,"isUnique":false,"isCreateable":false,"isUpdateable":true,"isFilterable":true,"isCalculated":false,"showLabel":true,"naturalOrder":0,"linkedFields":[],"relatedInfos":[],"references":[]}],"outputs":[{"@type":"field","id":792143,"name":"Multi_Ind_Multi_Ind_Filter","type":"string","uniqueName":"Multi_Ind_Multi_Ind_Filter","label":"Multi_Ind_Multi_Ind_Filter","parentObject":"afr_Multi_Ind_Pass_Fillter","precision":1,"scale":0,"columnIndex":-1,"isKey":false,"isExternalId":false,"isSfIdLookup":false,"isNullable":true,"isUnique":false,"isCreateable":false,"isUpdateable":true,"isFilterable":true,"isCalculated":false,"showLabel":true,"naturalOrder":0,"linkedFields":[],"relatedInfos":[],"references":[]},{"@type":"field","id":792144,"name":"Tennant_ID_Multi_Ind_Filter","type":"string","uniqueName":"Tennant_ID_Multi_Ind_Filter","label":"Tennant_ID_Multi_Ind_Filter","parentObject":"afr_Multi_Ind_Pass_Fillter","precision":32,"scale":0,"columnIndex":-1,"isKey":false,"isExternalId":false,"isSfIdLookup":false,"isNullable":true,"isUnique":false,"isCreateable":false,"isUpdateable":true,"isFilterable":true,"isCalculated":false,"showLabel":true,"naturalOrder":0,"linkedFields":[],"relatedInfos":[],"references":[]},{"@type":"field","id":792145,"name":"TIMEID_Multi_Ind_Filter","type":"integer","uniqueName":"TIMEID_Multi_Ind_Filter","label":"TIMEID_Multi_Ind_Filter","parentObject":"afr_Multi_Ind_Pass_Fillter","precision":10,"scale":0,"columnIndex":-1,"isKey":false,"isExternalId":false,"isSfIdLookup":false,"isNullable":true,"isUnique":false,"isCreateable":false,"isUpdateable":true,"isFilterable":true,"isCalculated":false,"showLabel":true,"naturalOrder":0,"linkedFields":[],"relatedInfos":[],"references":[]},{"@type":"field","id":792146,"name":"TimeStamp_Multi_Ind_Filter","type":"date/time","uniqueName":"TimeStamp_Multi_Ind_Filter","label":"TimeStamp_Multi_Ind_Filter","parentObject":"afr_Multi_Ind_Pass_Fillter","precision":29,"scale":9,"columnIndex":-1,"isKey":false,"isExternalId":false,"isSfIdLookup":false,"isNullable":true,"isUnique":false,"isCreateable":false,"isUpdateable":true,"isFilterable":true,"isCalculated":false,"showLabel":true,"naturalOrder":0,"linkedFields":[],"relatedInfos":[],"references":[]},{"@type":"field","id":792147,"name":"RULEID_Multi_Ind_Filter","type":"integer","uniqueName":"RULEID_Multi_Ind_Filter","label":"RULEID_Multi_Ind_Filter","parentObject":"afr_Multi_Ind_Pass_Fillter","precision":10,"scale":0,"columnIndex":-1,"isKey":false,"isExternalId":false,"isSfIdLookup":false,"isNullable":true,"isUnique":false,"isCreateable":false,"isUpdateable":true,"isFilterable":true,"isCalculated":false,"showLabel":true,"naturalOrder":0,"linkedFields":[],"relatedInfos":[],"references":[]},{"@type":"field","id":792148,"name":"FIELDID_Multi_Ind_Filter","type":"integer","uniqueName":"FIELDID_Multi_Ind_Filter","label":"FIELDID_Multi_Ind_Filter","parentObject":"afr_Multi_Ind_Pass_Fillter","precision":10,"scale":0,"columnIndex":-1,"isKey":false,"isExternalId":false,"isSfIdLookup":false,"isNullable":true,"isUnique":false,"isCreateable":false,"isUpdateable":true,"isFilterable":true,"isCalculated":false,"showLabel":true,"naturalOrder":0,"linkedFields":[],"relatedInfos":[],"references":[]},{"@type":"field","id":792149,"name":"Entity_ID_Multi_Ind_Filter","type":"decimal","uniqueName":"Entity_ID_Multi_Ind_Filter","label":"Entity_ID_Multi_Ind_Filter","parentObject":"afr_Multi_Ind_Pass_Fillter","precision":10,"scale":0,"columnIndex":-1,"isKey":false,"isExternalId":false,"isSfIdLookup":false,"isNullable":true,"isUnique":false,"isCreateable":false,"isUpdateable":true,"isFilterable":true,"isCalculated":false,"showLabel":true,"naturalOrder":0,"linkedFields":[],"relatedInfos":[],"references":[]},{"@type":"field","id":792150,"name":"ISSUEID_Multi_Ind_Filter","type":"integer","uniqueName":"ISSUEID_Multi_Ind_Filter","label":"ISSUEID_Multi_Ind_Filter","parentObject":"afr_Multi_Ind_Pass_Fillter","precision":10,"scale":0,"columnIndex":-1,"isKey":false,"isExternalId":false,"isSfIdLookup":false,"isNullable":true,"isUnique":false,"isCreateable":false,"isUpdateable":true,"isFilterable":true,"isCalculated":false,"showLabel":true,"naturalOrder":0,"linkedFields":[],"relatedInfos":[],"references":[]},{"@type":"field","id":792151,"name":"PASS_SUM_Multi_Ind_Filter","type":"integer","uniqueName":"PASS_SUM_Multi_Ind_Filter","label":"PASS_SUM_Multi_Ind_Filter","parentObject":"afr_Multi_Ind_Pass_Fillter","precision":10,"scale":0,"columnIndex":-1,"isKey":false,"isExternalId":false,"isSfIdLookup":false,"isNullable":true,"isUnique":false,"isCreateable":false,"isUpdateable":true,"isFilterable":true,"isCalculated":false,"showLabel":true,"naturalOrder":0,"linkedFields":[],"relatedInfos":[],"references":[]},{"@type":"field","id":792152,"name":"Fail_Sum_Multi_Ind_Filter","type":"integer","uniqueName":"Fail_Sum_Multi_Ind_Filter","label":"Fail_Sum_Multi_Ind_Filter","parentObject":"afr_Multi_Ind_Pass_Fillter","precision":10,"scale":0,"columnIndex":-1,"isKey":false,"isExternalId":false,"isSfIdLookup":false,"isNullable":true,"isUnique":false,"isCreateable":false,"isUpdateable":true,"isFilterable":true,"isCalculated":false,"showLabel":true,"naturalOrder":0,"linkedFields":[],"relatedInfos":[],"references":[]},{"@type":"field","id":792153,"name":"Fix_Pass_Sum_Multi_Ind_Filter","type":"integer","uniqueName":"Fix_Pass_Sum_Multi_Ind_Filter","label":"Fix_Pass_Sum_Multi_Ind_Filter","parentObject":"afr_Multi_Ind_Pass_Fillter","precision":10,"scale":0,"columnIndex":-1,"isKey":false,"isExternalId":false,"isSfIdLookup":false,"isNullable":true,"isUnique":false,"isCreateable":false,"isUpdateable":true,"isFilterable":true,"isCalculated":false,"showLabel":true,"naturalOrder":0,"linkedFields":[],"relatedInfos":[],"references":[]},{"@type":"field","id":792154,"name":"Fix_Fail_Sum_Multi_Ind_Filter","type":"integer","uniqueName":"Fix_Fail_Sum_Multi_Ind_Filter","label":"Fix_Fail_Sum_Multi_Ind_Filter","parentObject":"afr_Multi_Ind_Pass_Fillter","precision":10,"scale":0,"columnIndex":-1,"isKey":false,"isExternalId":false,"isSfIdLookup":false,"isNullable":true,"isUnique":false,"isCreateable":false,"isUpdateable":true,"isFilterable":true,"isCalculated":false,"showLabel":true,"naturalOrder":0,"linkedFields":[],"relatedInfos":[],"references":[]},{"@type":"field","id":792155,"name":"Records_Processed_Multi_Ind_Filter","type":"double","uniqueName":"Records_Processed_Multi_Ind_Filter","label":"Records_Processed_Multi_Ind_Filter","parentObject":"afr_Multi_Ind_Pass_Fillter","precision":15,"scale":0,"columnIndex":-1,"isKey":false,"isExternalId":false,"isSfIdLookup":false,"isNullable":true,"isUnique":false,"isCreateable":false,"isUpdateable":true,"isFilterable":true,"isCalculated":false,"showLabel":true,"naturalOrder":0,"linkedFields":[],"relatedInfos":[],"references":[]}],"connections":[]}]