[{"@type":"mappingTemplate","id":"@1","name":"m_mplt_filter","description":"","bundleVersion":"0","templateId":"@3","deployTime":1522977608000,"hasParameters":false,"valid":true,"fixedConnection":true,"hasParametersDeployed":false,"fixedConnectionDeployed":true,"tasks":1,"mappingPreviewFileRecordId":"@2","references":[{"@type":"reference","refObjectId":"@6yxk1eRWoTMbfXm52zzREW","refType":"customFunc"},{"@type":"reference","refObjectId":"@2Nz8PUZaiAGkyzv7xR47oK","refType":"connection"},{"@type":"reference","refObjectId":"@gH8cC4GqzAUh7nrAqFz8mA","refType":"connection"}]}]