{"name":"datasync","sourceOrgId":"4X30G4SOGgnbk5cnqNnYsO","sourceOrgName":"unicosolution","exportedObjects":[{"@type":"ContainerInfo","objectGuid":"7cCn5thwWFLhiZoSosphKL","objectName":"REG","objectType":"Space","modelVersion":{"major":1,"minor":0},"urlInfo":{"parentInfo":[],"parentRefs":[]},"repoInfo":{"repoHandle":null},"objectRefs":[],"contextAttributes":null,"additionalInfo":null,"objectExistence":"REFERENCE_ONLY"},{"@type":"ContainerInfo","objectGuid":"bynSJ9htKIAlQPHWHUrnW1","objectName":"SYS","objectType":"Space","modelVersion":{"major":1,"minor":0},"urlInfo":{"parentInfo":[],"parentRefs":[]},"repoInfo":{"repoHandle":null},"objectRefs":[],"contextAttributes":null,"additionalInfo":null,"objectExistence":"REFERENCE_ONLY"},{"@type":"AssetInfo","objectGuid":"e6KDLfVxGwzhqbjAsuX1M4","objectName":"SyncTask2","objectType":"SAAS_DSS","modelVersion":{"major":0,"minor":0},"urlInfo":{"parentInfo":[{"parentGuid":"7cCn5thwWFLhiZoSosphKL","parentName":"REG","parentType":"Space"},{"parentGuid":"47uFbCvYwUKkVYec6lOpIF","parentName":"Default","parentType":"Project"}],"parentRefs":["7cCn5thwWFLhiZoSosphKL","47uFbCvYwUKkVYec6lOpIF"]},"repoInfo":{"repoHandle":"01024O0I000000000003"},"objectRefs":["2pj9SRGyxk5edZbWFLBDmL","36u18TnZhMaipfh6wGxGyQ"],"contextAttributes":[{"name":"id","value":"@1"}],"additionalInfo":{"description":"","contentType":"JSON","documentState":"VALID"},"objectExistence":"WITH_DEPENDENCIES"},{"@type":"AssetInfo","objectGuid":"lb6PVqRl9OzkolgcHxxNcu","objectName":"DELL-OVQPS9E2BD","objectType":"SAAS_RUNTIME_ENVIRONMENT","modelVersion":{"major":0,"minor":0},"urlInfo":{"parentInfo":[{"parentGuid":"bynSJ9htKIAlQPHWHUrnW1","parentName":"SYS","parentType":"Space"},{"parentGuid":"4BI9M1Hnn0ebnv15T6qgIh","parentName":"_SYSTEM_PROJECT","parentType":"Project"},{"parentGuid":"7iOEVPYUkC1eRBBPe2xW0f","parentName":"_SYSTEM_FOLDER","parentType":"Folder"}],"parentRefs":["bynSJ9htKIAlQPHWHUrnW1","4BI9M1Hnn0ebnv15T6qgIh","7iOEVPYUkC1eRBBPe2xW0f"]},"repoInfo":{"repoHandle":"01024O25000000000002"},"objectRefs":[],"contextAttributes":[{"name":"id","value":"@1"}],"additionalInfo":{"description":null,"contentType":"JSON","documentState":"VALID"},"objectExistence":"WITH_DEPENDENCIES"},{"@type":"ContainerInfo","objectGuid":"7iOEVPYUkC1eRBBPe2xW0f","objectName":"_SYSTEM_FOLDER","objectType":"Folder","modelVersion":{"major":0,"minor":0},"urlInfo":{"parentInfo":[{"parentGuid":"bynSJ9htKIAlQPHWHUrnW1","parentName":"SYS","parentType":"Space"},{"parentGuid":"4BI9M1Hnn0ebnv15T6qgIh","parentName":"_SYSTEM_PROJECT","parentType":"Project"}],"parentRefs":["bynSJ9htKIAlQPHWHUrnW1","4BI9M1Hnn0ebnv15T6qgIh"]},"repoInfo":null,"objectRefs":[],"contextAttributes":[{"name":"IS_SYS_LOC","value":"true"}],"additionalInfo":{"description":"Auto-generated System Folder","contentType":null,"documentState":"COMPLETE"},"objectExistence":"WITHOUT_DEPENDENCIES"},{"@type":"AssetInfo","objectGuid":"2pj9SRGyxk5edZbWFLBDmL","objectName":"test1","objectType":"SAAS_CONNECTION","modelVersion":{"major":0,"minor":0},"urlInfo":{"parentInfo":[{"parentGuid":"bynSJ9htKIAlQPHWHUrnW1","parentName":"SYS","parentType":"Space"},{"parentGuid":"4BI9M1Hnn0ebnv15T6qgIh","parentName":"_SYSTEM_PROJECT","parentType":"Project"},{"parentGuid":"7iOEVPYUkC1eRBBPe2xW0f","parentName":"_SYSTEM_FOLDER","parentType":"Folder"}],"parentRefs":["bynSJ9htKIAlQPHWHUrnW1","4BI9M1Hnn0ebnv15T6qgIh","7iOEVPYUkC1eRBBPe2xW0f"]},"repoInfo":{"repoHandle":"01024O0B000000000002"},"objectRefs":["lb6PVqRl9OzkolgcHxxNcu"],"contextAttributes":[{"name":"id","value":"@1"}],"additionalInfo":{"description":null,"contentType":"JSON","documentState":"COMPLETE"},"objectExistence":"WITH_DEPENDENCIES"},{"@type":"AssetInfo","objectGuid":"36u18TnZhMaipfh6wGxGyQ","objectName":"openweathertest","objectType":"SAAS_CONNECTION","modelVersion":{"major":0,"minor":0},"urlInfo":{"parentInfo":[{"parentGuid":"bynSJ9htKIAlQPHWHUrnW1","parentName":"SYS","parentType":"Space"},{"parentGuid":"4BI9M1Hnn0ebnv15T6qgIh","parentName":"_SYSTEM_PROJECT","parentType":"Project"},{"parentGuid":"7iOEVPYUkC1eRBBPe2xW0f","parentName":"_SYSTEM_FOLDER","parentType":"Folder"}],"parentRefs":["bynSJ9htKIAlQPHWHUrnW1","4BI9M1Hnn0ebnv15T6qgIh","7iOEVPYUkC1eRBBPe2xW0f"]},"repoInfo":{"repoHandle":"01024O0B000000000004"},"objectRefs":["lb6PVqRl9OzkolgcHxxNcu"],"contextAttributes":[{"name":"id","value":"@1"}],"additionalInfo":{"description":null,"contentType":"JSON","documentState":"COMPLETE"},"objectExistence":"WITH_DEPENDENCIES"},{"@type":"ContainerInfo","objectGuid":"4BI9M1Hnn0ebnv15T6qgIh","objectName":"_SYSTEM_PROJECT","objectType":"Project","modelVersion":{"major":0,"minor":0},"urlInfo":{"parentInfo":[{"parentGuid":"bynSJ9htKIAlQPHWHUrnW1","parentName":"SYS","parentType":"Space"}],"parentRefs":["bynSJ9htKIAlQPHWHUrnW1"]},"repoInfo":null,"objectRefs":[],"contextAttributes":[{"name":"IS_SYS_LOC","value":"true"}],"additionalInfo":{"description":"Auto-generated System Project","contentType":null,"documentState":"COMPLETE"},"objectExistence":"WITHOUT_DEPENDENCIES"},{"@type":"ContainerInfo","objectGuid":"47uFbCvYwUKkVYec6lOpIF","objectName":"Default","objectType":"Project","modelVersion":{"major":0,"minor":0},"urlInfo":{"parentInfo":[{"parentGuid":"7cCn5thwWFLhiZoSosphKL","parentName":"REG","parentType":"Space"}],"parentRefs":["7cCn5thwWFLhiZoSosphKL"]},"repoInfo":null,"objectRefs":[],"contextAttributes":[{"name":"IS_DEF_LOC","value":"true"}],"additionalInfo":{"description":"Auto-generated Default Project","contentType":null,"documentState":"COMPLETE"},"objectExistence":"WITHOUT_DEPENDENCIES"}]}