[{"@type":"connection","id":"@1","name":"SK_Con_MySQL_Auto","description":"MySQL ODQAUTF8 connection for CMD testcases automation","runtimeEnvironmentId":"@buzIP0bNMqEffcbdPzm5oh","host":"TMS27W0864","database":"shantosh","codepage":"UTF-8","adjustedJdbcHostName":"TMS27W0864","shortDescription":"MySQL ODQAUTF8 connection for CMD testcases automa...","type":"MySQL","port":3306,"password":"********","username":"shantosh","majorUpdateTime":"2018-03-08T13:33:42.000Z","timeout":60,"connParams":{"agentId":"01001R08000000000003","agentGroupId":"01001R25000000000003","orgId":"01001R"}}]