[{"@type":"connection","id":"@1","name":"Netsutie_Demo","runtimeEnvironmentId":"@iYoPAawmT0UePw7Cp2Cbic","instanceName":"NetSuite","type":"TOOLKIT","port":0,"majorUpdateTime":"2018-09-10T17:13:03.000Z","timeout":60,"connParams":{"Account":"TSTDRV1303419","agentId":null,"Service URL":"https://webservices.netsuite.com/wsdl/v2016_2_0/netsuite.wsdl","agentGroupId":"001U3R25000000000003","Application ID":null,"Saved Search Record Fields":null,"Token ID":"********","orgId":"001U3R","mode":"UPDATE","Username":"eho@informatica.com","Record Custom Fields":null,"Token Secret":"********","Record Filter Fields":null,"Password":"********"}}]