[{"@type":"connection","id":"@1","name":"tvmysql","runtimeEnvironmentId":"@kbFgCjCFziKkGu3yZUS9qc","host":"192.168.43.1","database":"test","codepage":"MS1252","adjustedJdbcHostName":"192.168.43.1","type":"MySQL","port":3306,"password":"********","username":"test","majorUpdateTime":"2019-02-28T19:31:54.000Z","timeout":60,"connParams":{"sslca":null,"verifyServerCertificate":"false","agentId":"0018IZ08000000000024","sslcipher":null,"agentGroupId":"0018IZ2500000000002V","trustCertificateKeyStorePassword":"********","enabledSSLCipherSuites":null,"CCM_CONN_PRESENTATION":"{\"groups\":[{\"groups\":[],\"attributes\":[{\"name\":\"agentGroupId\",\"displayName\":\"conn_agent_group\",\"type\":\"AGENTGROUP\",\"maxLength\":0,\"mandatory\":true,\"disabled\":false,\"hidden\":false,\"hasDependentAttributes\":false,\"encrypted\":false,\"isNative\":true,\"attrId\":0,\"deprecated\":false},{\"name\":\"username\",\"displayName\":\"username2\",\"type\":\"STRING\",\"maxLength\":0,\"mandatory\":true,\"disabled\":false,\"hidden\":false,\"hasDependentAttributes\":false,\"encrypted\":false,\"isNative\":true,\"attrId\":0,\"deprecated\":false},{\"name\":\"password\",\"displayName\":\"password2\",\"type\":\"PASSWORD\",\"maxLength\":0,\"mandatory\":true,\"disabled\":false,\"hidden\":false,\"hasDependentAttributes\":false,\"encrypted\":false,\"isNative\":true,\"attrId\":0,\"deprecated\":false},{\"name\":\"host\",\"displayName\":\"conn_host\",\"type\":\"STRING\",\"maxLength\":0,\"mandatory\":true,\"disabled\":false,\"hidden\":false,\"hasDependentAttributes\":false,\"encrypted\":false,\"isNative\":true,\"attrId\":0,\"deprecated\":false},{\"name\":\"port\",\"displayName\":\"conn_port\",\"defaultValue\":\"3306\",\"type\":\"STRING\",\"maxLength\":0,\"mandatory\":true,\"disabled\":false,\"hidden\":false,\"hasDependentAttributes\":false,\"encrypted\":false,\"isNative\":true,\"attrId\":0,\"deprecated\":false},{\"name\":\"database\",\"displayName\":\"conn_database\",\"type\":\"STRING\",\"maxLength\":0,\"mandatory\":true,\"disabled\":false,\"hidden\":false,\"hasDependentAttributes\":false,\"encrypted\":false,\"isNative\":true,\"attrId\":0,\"deprecated\":false},{\"name\":\"codePage\",\"displayName\":\"conn_code_page\",\"defaultValue\":\"MS1252\",\"type\":\"LIST\",\"maxLength\":0,\"mandatory\":true,\"disabled\":false,\"hidden\":false,\"hasDependentAttributes\":false,\"options\":[{\"name\":\"MS1252\",\"displayName\":\"MS1252\"},{\"name\":\"UTF_8\",\"displayName\":\"UTF-8\"},{\"name\":\"MS932\",\"displayName\":\"MS932\"},{\"name\":\"ISO_8859_15\",\"displayName\":\"ISO-8859-15\"},{\"name\":\"ISO_8859_2\",\"displayName\":\"ISO-8859-2\"},{\"name\":\"ISO_8859_3\",\"displayName\":\"ISO-8859-3\"},{\"name\":\"ISO_8859_5\",\"displayName\":\"ISO-8859-5\"},{\"name\":\"ISO_8859_9\",\"displayName\":\"ISO-8859-9\"},{\"name\":\"IBM500\",\"displayName\":\"IBM500\"},{\"name\":\"JapanEUC\",\"displayName\":\"JapanEUC\"},{\"name\":\"IBM_33722\",\"displayName\":\"IBM-33722\"},{\"name\":\"IBM_5050\",\"displayName\":\"IBM-5050\"},{\"name\":\"IBM930\",\"displayName\":\"IBM930\"},{\"name\":\"IBM939\",\"displayName\":\"IBM939\"},{\"name\":\"JEF\",\"displayName\":\"JEF\"},{\"name\":\"KEIS\",\"displayName\":\"KEIS\"},{\"name\":\"JIPSE\",\"displayName\":\"JIPSE\"},{\"name\":\"UNISYS\",\"displayName\":\"UNISYS\"},{\"name\":\"MELCOM\",\"displayName\":\"MELCOM\"},{\"name\":\"JEF_K\",\"displayName\":\"JEF-K\"},{\"name\":\"KEIS_K\",\"displayName\":\"KEIS-K\"},{\"name\":\"JIPSE_K\",\"displayName\":\"JIPSE-K\"},{\"name\":\"UNISYS_K\",\"displayName\":\"UNISYS-K\"},{\"name\":\"MELCOM_K\",\"displayName\":\"MELCOM-K\"},{\"name\":\"JP_EBCDIC\",\"displayName\":\"JP-EBCDIC\"},{\"name\":\"JP_EBCDIK\",\"displayName\":\"JP-EBCDIK\"},{\"name\":\"IBM_942\",\"displayName\":\"IBM-942\"},{\"name\":\"IBM_943\",\"displayName\":\"IBM-943\"},{\"name\":\"IBM290\",\"displayName\":\"IBM290\"},{\"name\":\"IBM_1390\",\"displayName\":\"IBM-1390\"},{\"name\":\"IBM_1399\",\"displayName\":\"IBM-1399\"},{\"name\":\"IBM_16684\",\"displayName\":\"IBM-16684\"},{\"name\":\"IBM_5123\",\"displayName\":\"IBM-5123\"},{\"name\":\"IBM_8482\",\"displayName\":\"IBM-8482\"},{\"name\":\"IBM_1375\",\"displayName\":\"IBM-1375\"},{\"name\":\"MS950\",\"displayName\":\"MS950\"},{\"name\":\"IBM_1373\",\"displayName\":\"IBM-1373\"},{\"name\":\"IBM_950\",\"displayName\":\"IBM-950\"},{\"name\":\"IBM_1386\",\"displayName\":\"IBM-1386\"},{\"name\":\"GB2312\",\"displayName\":\"GB2312\"},{\"name\":\"GB_2312_80\",\"displayName\":\"GB_2312-80\"},{\"name\":\"HKSCS\",\"displayName\":\"HKSCS\"},{\"name\":\"ISO_8859_8\",\"displayName\":\"ISO-8859-8\"},{\"name\":\"cp856\",\"displayName\":\"cp856\"},{\"name\":\"cp862\",\"displayName\":\"cp862\"},{\"name\":\"IBM_867\",\"displayName\":\"IBM-867\"},{\"name\":\"IBM_5351\",\"displayName\":\"IBM-5351\"},{\"name\":\"IBM_1255\",\"displayName\":\"IBM-1255\"},{\"name\":\"LMBCS_3\",\"displayName\":\"LMBCS-3\"},{\"name\":\"IBM424\",\"displayName\":\"IBM424\"},{\"name\":\"IBM_4899\",\"displayName\":\"IBM-4899\"},{\"name\":\"IBM_12712\",\"displayName\":\"IBM-12712\"},{\"name\":\"is_960\",\"displayName\":\"is-960\"}],\"encrypted\":false,\"isNative\":true,\"attrId\":0,\"deprecated\":false}],\"title\":\"MySQL Connection Properties\",\"enableDocHelp\":false,\"collapse\":false},{\"groups\":[],\"attributes\":[{\"name\":\"useSSL\",\"displayName\":\"mysql_useSSL\",\"defaultValue\":\"false\",\"type\":\"BOOLEAN\",\"maxLength\":0,\"mandatory\":false,\"disabled\":false,\"hidden\":false,\"hasDependentAttributes\":false,\"encrypted\":false,\"isNative\":false,\"attrId\":0,\"deprecated\":false},{\"name\":\"verifyServerCertificate\",\"displayName\":\"mysql_verifyServerCertificate\",\"defaultValue\":\"false\",\"type\":\"BOOLEAN\",\"maxLength\":0,\"mandatory\":false,\"disabled\":false,\"hidden\":false,\"hasDependentAttributes\":false,\"encrypted\":false,\"isNative\":false,\"attrId\":0,\"deprecated\":false},{\"name\":\"requireSSL\",\"displayName\":\"mysql_requireSSL\",\"defaultValue\":\"false\",\"type\":\"BOOLEAN\",\"maxLength\":0,\"mandatory\":false,\"disabled\":false,\"hidden\":false,\"hasDependentAttributes\":false,\"encrypted\":false,\"isNative\":false,\"attrId\":0,\"deprecated\":false},{\"name\":\"enabledTLSProtocols\",\"displayName\":\"mysql_enabledTLSProtocols\",\"type\":\"MULTICHECKBOX\",\"maxLength\":0,\"mandatory\":false,\"disabled\":false,\"hidden\":false,\"hasDependentAttributes\":false,\"options\":[{\"name\":\"TLSv1\",\"displayName\":\"TLSv1\"},{\"name\":\"TLSv1.1\",\"displayName\":\"TLSv1.1\"},{\"name\":\"TLSv1.2\",\"displayName\":\"TLSv1.2\"}],\"encrypted\":false,\"isNative\":false,\"attrId\":0,\"deprecated\":false}],\"type\":\"COLLAPSIBLE\",\"title\":\"SSL Attributes (For MySQL 8.X driver)\",\"enableDocHelp\":false,\"collapse\":true},{\"groups\":[],\"attributes\":[{\"name\":\"trustCertificateKeyStoreUrl\",\"displayName\":\"mysql_trustCertificateKeyStoreUrl\",\"type\":\"STRING\",\"maxLength\":0,\"mandatory\":false,\"disabled\":false,\"hidden\":false,\"hasDependentAttributes\":false,\"encrypted\":false,\"isNative\":false,\"attrId\":0,\"deprecated\":false},{\"name\":\"trustCertificateKeyStorePassword\",\"displayName\":\"mysql_trustCertificateKeyStorePassword\",\"type\":\"PASSWORD\",\"maxLength\":0,\"mandatory\":false,\"disabled\":false,\"hidden\":false,\"hasDependentAttributes\":false,\"encrypted\":true,\"isNative\":false,\"attrId\":0,\"deprecated\":false},{\"name\":\"clientCertificateKeyStoreUrl\",\"displayName\":\"mysql_clientCertificateKeyStoreUrl\",\"type\":\"STRING\",\"maxLength\":0,\"mandatory\":false,\"disabled\":false,\"hidden\":false,\"hasDependentAttributes\":false,\"encrypted\":false,\"isNative\":false,\"attrId\":0,\"deprecated\":false},{\"name\":\"clientCertificateKeyStorePassword\",\"displayName\":\"mysql_clientCertificateKeyStorePassword\",\"type\":\"PASSWORD\",\"maxLength\":0,\"mandatory\":false,\"disabled\":false,\"hidden\":false,\"hasDependentAttributes\":false,\"encrypted\":true,\"isNative\":false,\"attrId\":0,\"deprecated\":false},{\"name\":\"enabledSSLCipherSuites\",\"displayName\":\"mysql_enabledSSLCipherSuites\",\"type\":\"STRING\",\"maxLength\":0,\"mandatory\":false,\"disabled\":false,\"hidden\":false,\"hasDependentAttributes\":false,\"encrypted\":false,\"isNative\":false,\"attrId\":0,\"deprecated\":false}],\"type\":\"COLLAPSIBLE\",\"title\":\"JDBC\",\"enableDocHelp\":false,\"collapse\":true},{\"groups\":[],\"attributes\":[{\"name\":\"sslca\",\"displayName\":\"mysql_sslca\",\"type\":\"STRING\",\"maxLength\":0,\"mandatory\":false,\"disabled\":false,\"hidden\":false,\"hasDependentAttributes\":false,\"encrypted\":false,\"isNative\":false,\"attrId\":0,\"deprecated\":false},{\"name\":\"sslcert\",\"displayName\":\"mysql_sslcert\",\"type\":\"STRING\",\"maxLength\":0,\"mandatory\":false,\"disabled\":false,\"hidden\":false,\"hasDependentAttributes\":false,\"encrypted\":false,\"isNative\":false,\"attrId\":0,\"deprecated\":false},{\"name\":\"sslkey\",\"displayName\":\"mysql_sslkey\",\"type\":\"STRING\",\"maxLength\":0,\"mandatory\":false,\"disabled\":false,\"hidden\":false,\"hasDependentAttributes\":false,\"encrypted\":false,\"isNative\":false,\"attrId\":0,\"deprecated\":false},{\"name\":\"sslcipher\",\"displayName\":\"mysql_sslcipher\",\"type\":\"STRING\",\"maxLength\":0,\"mandatory\":false,\"disabled\":false,\"hidden\":false,\"hasDependentAttributes\":false,\"encrypted\":false,\"isNative\":false,\"attrId\":0,\"deprecated\":false},{\"name\":\"SSLMODE\",\"displayName\":\"mysql_SSLMODE\",\"type\":\"BOOLEAN\",\"maxLength\":0,\"mandatory\":false,\"disabled\":false,\"hidden\":false,\"hasDependentAttributes\":false,\"encrypted\":false,\"isNative\":false,\"attrId\":0,\"deprecated\":false}],\"type\":\"COLLAPSIBLE\",\"title\":\"ODBC\",\"enableDocHelp\":false,\"collapse\":true}],\"attributes\":[]}","orgId":"0018IZ","useSSL":"false","clientCertificateKeyStorePassword":"********","requireSSL":"false","clientCertificateKeyStoreUrl":null,"enabledTLSProtocols":null,"SSLMODE":null,"trustCertificateKeyStoreUrl":null,"sslkey":null,"sslcert":null}}]