[{"@type":"mtTask","id":"@1","name":"MappingTask2","description":"","runtimeEnvironmentId":"@iYoPAawmT0UePw7Cp2Cbic","maxLogs":10,"verbose":false,"mappingId":"@hAXr7c2NKgRkyGjm4WKcOB","shortDescription":"","sessionProperties":{},"enableCrossSchemaPushdown":false,"parameterFileEncoding":"UTF-8","parameters":[{"@type":"mtTaskParameter","id":6981373,"name":"$NewSource$","type":"EXTENDED_SOURCE","label":"NewSource","uiProperties":{"connectionParameterized":"false","isMsrcFilterParameterized":"false","isMsrcSortParameterized":"false","objectParameterized":"false","visible":"false"},"sourceConnectionId":"@6xJItWQSzMKewFytv3sqA8","newFlatFile":false,"newObject":false,"showBusinessNames":false,"naturalOrder":true,"truncateTarget":false,"bulkApiDBTarget":false,"customFuncCfg":{"@type":"customFuncConfig","id":-1,"connections":[],"inputMap":[],"outputFields":[]},"tgtFieldRefs":{},"targetUpdateColumns":[],"extendedObject":{"@type":"extendedObject","object":{"@type":"mObject","name":"orders_us","label":"orders_us","metadataUpdated":false,"relations":[],"children":[]},"filters":[],"sortFields":[]},"runtimeAttrs":{},"isRESTModernSource":true,"isFileList":false,"handleSpecialChars":false,"fetchMode":"ORIGINAL","tgtObjectAttributes":{},"overriddenFields":[]},{"@type":"mtTaskParameter","id":6981374,"name":"$NewTarget$","type":"TARGET","label":"NewTarget","uiProperties":{"connectionParameterized":"false","objectParameterized":"false","visible":"false","defaultTargetUpdateColumns":""},"targetConnectionId":"@cbtaF6gtE0UkiqE6FIz7Ig","targetObject":"CIH_data.csv","targetObjectLabel":"CIH_data.csv","newFlatFile":false,"newObject":true,"showBusinessNames":false,"naturalOrder":true,"newObjectName":"CIH_data.csv","truncateTarget":false,"bulkApiDBTarget":false,"operationType":"Insert","tgtFFAttrs":{"@type":"flatFileAttrs","id":1829541,"delimiter":",","textQualifier":"\"","escapeChar":"","headerLineNo":1},"customFuncCfg":{"@type":"customFuncConfig","id":-1,"connections":[],"inputMap":[],"outputFields":[]},"tgtFieldRefs":{},"targetUpdateColumns":[],"extendedObject":{"@type":"extendedObject","filters":[],"sortFields":[]},"runtimeAttrs":{},"isRESTModernSource":true,"isFileList":false,"handleSpecialChars":false,"fetchMode":"ORIGINAL","tgtObjectAttributes":{},"overriddenFields":[]}],"sequences":[],"inOutParameters":[]}]