[{"@type":"connection","id":"@1","name":"SK_Con_FF_Auto","description":"Flat File connection for CMD testcases Automation","runtimeEnvironmentId":"@dJvRtkuueSvhMVRN5LD0gW","dateFormat":"MM/dd/yyyy HH:mm:ss","database":"C:\\Mat_Test","codepage":"UTF-8","shortDescription":"Flat File connection for CMD testcases Automation","type":"CSVFile","port":0,"majorUpdateTime":"2018-05-11T01:33:44.000Z","timeout":60,"connParams":{"agentId":"01001R08000000000008","agentGroupId":"01001R2500000000000B","orgId":"01001R"}}]